"","Store","StoreType","Assortment","CompetitionDistance","CompetitionOpenSinceMonth","CompetitionOpenSinceYear","Promo2","Promo2SinceWeek","Promo2SinceYear","PromoInterval","StateCode","StateName","AirportCode","CompetitionOpenDate","Promo2StartDate"
"1",1,"c","a",520,3,2009,0,NA,NA,"","BEHBHHNISH","","HAM",2009-03-01,NA
"2",2,"a","c",640,9,2013,0,NA,NA,"","BEHBHHNISH","","HAM",2013-09-01,NA
"3",3,"a","c",100,4,2014,1,31,2013,"Jan,Apr,Jul,Oct","NWRP","","DUS",2014-04-01,2013-08-05
"4",4,"a","a",780,9,2005,1,5,2013,"Feb,May,Aug,Nov","BW","Baden-Wurttemberg","STR",2005-09-01,2013-02-04
"5",5,"a","a",1700,1,2008,1,14,2011,"Jan,Apr,Jul,Oct","BY","Bavaria","MUC",2008-01-01,2011-04-04
"6",6,"d","a",2380,3,2013,1,40,2014,"Jan,Apr,Jul,Oct","BY","Bavaria","MUC",2013-03-01,2014-10-06
"7",7,"a","a",550,7,2011,1,1,2012,"Jan,Apr,Jul,Oct","NWRP","","DUS",2011-07-01,2012-01-02
"8",8,"a","a",1150,9,2007,0,NA,NA,"","BEHBHHNISH","","HAM",2007-09-01,NA
"9",9,"a","a",330,NA,NA,0,NA,NA,"","NWRP","","DUS",NA,NA
"10",10,"d","c",14160,NA,NA,0,NA,NA,"","BBMVTH","","TXL ",NA,NA
"11",11,"a","a",250,9,2009,0,NA,NA,"","BEHBHHNISH","","HAM",2009-09-01,NA
"12",12,"c","c",5830,9,2011,1,13,2010,"Jan,Apr,Jul,Oct","ST","Saxony-Anhalt","LEJ",2011-09-01,2010-03-29
"13",13,"a","c",180,NA,NA,1,35,2010,"Mar,Jun,Sept,Dec","NWRP","","DUS",NA,2010-08-30
"14",14,"a","a",14570,11,2002,0,NA,NA,"","ST","Saxony-Anhalt","LEJ",2002-11-01,NA
"15",15,"d","c",9820,NA,NA,0,NA,NA,"","BY","Bavaria","MUC",NA,NA
"16",16,"a","a",1480,4,2009,0,NA,NA,"","BEHBHHNISH","","HAM",2009-04-01,NA
"17",17,"a","a",1790,10,2011,0,NA,NA,"","BEHBHHNISH","","HAM",2011-10-01,NA
"18",18,"d","a",2020,7,2014,0,NA,NA,"","NWRP","","DUS",2014-07-01,NA
"19",19,"a","c",40860,9,2013,0,NA,NA,"","BEHBHHNISH","","HAM",2013-09-01,NA
"20",20,"a","a",1830,11,2004,0,NA,NA,"","SN","Saxony","DRS",2004-11-01,NA
"21",21,"d","a",9710,2,2014,0,NA,NA,"","NWRP","","DUS",2014-02-01,NA
"22",22,"b","a",1260,6,2011,0,NA,NA,"","BEHBHHNISH","","HAM",2011-06-01,NA
"23",23,"a","a",150,12,2007,1,10,2014,"Mar,Jun,Sept,Dec","NWRP","","DUS",2007-12-01,2014-03-10
"24",24,"d","a",980,7,2014,1,18,2014,"Feb,May,Aug,Nov","NWRP","","DUS",2014-07-01,2014-05-05
"25",25,"a","c",570,9,2012,1,27,2012,"Mar,Jun,Sept,Dec","BEHBHHNISH","","HAM",2012-09-01,2012-07-02
"26",26,"a","a",3130,7,2002,0,NA,NA,"","NWRP","","DUS",2002-07-01,NA
"27",27,"d","a",7910,NA,NA,0,NA,NA,"","NWRP","","DUS",NA,NA
"28",28,"a","a",620,9,2014,0,NA,NA,"","BY","Bavaria","MUC",2014-09-01,NA
"29",29,"a","c",170,2,2009,0,NA,NA,"","BEHBHHNISH","","HAM",2009-02-01,NA
"30",30,"b","b",210,NA,NA,0,NA,NA,"","HE","Hesse","FRA",NA,NA
"31",31,"a","a",190,11,2012,0,NA,NA,"","NWRP","","DUS",2012-11-01,NA
"32",32,"d","a",6630,NA,NA,0,NA,NA,"","BEHBHHNISH","","HAM",NA,NA
"33",33,"a","a",420,12,2012,0,NA,NA,"","BEHBHHNISH","","HAM",2012-12-01,NA
"34",34,"a","c",46590,4,2013,0,NA,NA,"","BEHBHHNISH","","HAM",2013-04-01,NA
"35",35,"a","a",3920,4,2005,1,40,2014,"Jan,Apr,Jul,Oct","BY","Bavaria","MUC",2005-04-01,2014-10-06
"36",36,"c","c",430,NA,NA,1,50,2010,"Jan,Apr,Jul,Oct","SN","Saxony","DRS",NA,2010-12-13
"37",37,"a","c",210,NA,NA,1,31,2013,"Jan,Apr,Jul,Oct","NWRP","","DUS",NA,2013-08-05
"38",38,"a","c",1420,NA,NA,1,10,2013,"Mar,Jun,Sept,Dec","BW","Baden-Wurttemberg","STR",NA,2013-03-11
"39",39,"a","a",300,7,2000,1,40,2014,"Jan,Apr,Jul,Oct","BY","Bavaria","MUC",2000-07-01,2014-10-06
"40",40,"a","a",1200,9,2008,0,NA,NA,"","BEHBHHNISH","","HAM",2008-09-01,NA
"41",41,"a","c",25430,5,1999,1,37,2009,"Jan,Apr,Jul,Oct","BW","Baden-Wurttemberg","STR",1999-05-01,2009-09-14
"42",42,"a","a",420,NA,NA,1,14,2011,"Jan,Apr,Jul,Oct","SN","Saxony","DRS",NA,2011-04-04
"43",43,"a","a",2070,9,2007,0,NA,NA,"","BEHBHHNISH","","HAM",2007-09-01,NA
"44",44,"a","a",9560,4,2001,0,NA,NA,"","SN","Saxony","DRS",2001-04-01,NA
"45",45,"a","a",2710,7,2001,1,22,2012,"Mar,Jun,Sept,Dec","HE","Hesse","FRA",2001-07-01,2012-05-28
"46",46,"a","a",5100,4,2007,1,40,2014,"Jan,Apr,Jul,Oct","BY","Bavaria","MUC",2007-04-01,2014-10-06
"47",47,"a","c",3430,NA,NA,1,31,2013,"Feb,May,Aug,Nov","NWRP","","DUS",NA,2013-08-05
"48",48,"a","c",3450,NA,NA,0,NA,NA,"","BW","Baden-Wurttemberg","STR",NA,NA
"49",49,"a","c",350,12,2007,1,1,2012,"Jan,Apr,Jul,Oct","BW","Baden-Wurttemberg","STR",2007-12-01,2012-01-02
"50",50,"a","c",1410,10,2013,0,NA,NA,"","BEHBHHNISH","","HAM",2013-10-01,NA
"51",51,"a","c",16570,NA,NA,0,NA,NA,"","BY","Bavaria","MUC",NA,NA
"52",52,"d","c",1850,NA,NA,0,NA,NA,"","BEHBHHNISH","","HAM",NA,NA
"53",53,"c","a",230,10,2001,1,14,2011,"Jan,Apr,Jul,Oct","SN","Saxony","DRS",2001-10-01,2011-04-04
"54",54,"b","b",720,3,2002,0,NA,NA,"","NWRP","","DUS",2002-03-01,NA
"55",55,"c","c",1910,7,2013,0,NA,NA,"","BEHBHHNISH","","HAM",2013-07-01,NA
"56",56,"d","c",2000,NA,NA,1,1,2013,"Jan,Apr,Jul,Oct","HE","Hesse","FRA",NA,2013-01-07
"57",57,"a","a",270,8,2013,1,10,2014,"Mar,Jun,Sept,Dec","BBMVTH","","TXL ",2013-08-01,2014-03-10
"58",58,"c","a",20970,11,2012,0,NA,NA,"","NWRP","","DUS",2012-11-01,NA
"59",59,"a","c",220,NA,NA,0,NA,NA,"","NWRP","","DUS",NA,NA
"60",60,"c","c",1540,NA,NA,1,22,2012,"Mar,Jun,Sept,Dec","BW","Baden-Wurttemberg","STR",NA,2012-05-28
"61",61,"a","c",58260,4,2013,0,NA,NA,"","BEHBHHNISH","","HAM",2013-04-01,NA
"62",62,"d","a",3520,NA,NA,1,18,2012,"Feb,May,Aug,Nov","HE","Hesse","FRA",NA,2012-04-30
"63",63,"a","a",17500,4,2001,1,37,2009,"Jan,Apr,Jul,Oct","BBMVTH","","TXL ",2001-04-01,2009-09-14
"64",64,"d","c",12070,10,2005,1,10,2013,"Jan,Apr,Jul,Oct","BW","Baden-Wurttemberg","STR",2005-10-01,2013-03-11
"65",65,"a","a",20390,NA,NA,0,NA,NA,"","BBMVTH","","TXL ",NA,NA
"66",66,"a","a",30,4,2013,0,NA,NA,"","NWRP","","DUS",2013-04-01,NA
"67",67,"a","c",1610,NA,NA,0,NA,NA,"","HE","Hesse","FRA",NA,NA
"68",68,"d","a",1340,NA,NA,0,NA,NA,"","NWRP","","DUS",NA,NA
"69",69,"b","b",1410,9,2008,0,NA,NA,"","HE","Hesse","FRA",2008-09-01,NA
"70",70,"a","a",180,11,2013,1,18,2011,"Feb,May,Aug,Nov","HE","Hesse","FRA",2013-11-01,2011-05-02
"71",71,"c","c",2640,4,2011,1,22,2012,"Mar,Jun,Sept,Dec","BEHBHHNISH","","HAM",2011-04-01,2012-05-28
"72",72,"a","a",1290,NA,NA,1,35,2011,"Mar,Jun,Sept,Dec","BY","Bavaria","MUC",NA,2011-08-29
"73",73,"a","a",3320,NA,NA,0,NA,NA,"","BW","Baden-Wurttemberg","STR",NA,NA
"74",74,"a","a",410,9,2012,0,NA,NA,"","BEHBHHNISH","","HAM",2012-09-01,NA
"75",75,"a","a",320,NA,NA,1,45,2009,"Feb,May,Aug,Nov","NWRP","","DUS",NA,2009-11-09
"76",76,"a","c",2310,9,2011,1,13,2010,"Jan,Apr,Jul,Oct","ST","Saxony-Anhalt","LEJ",2011-09-01,2010-03-29
"77",77,"a","a",280,NA,NA,1,45,2009,"Feb,May,Aug,Nov","BY","Bavaria","MUC",NA,2009-11-09
"78",78,"a","a",180,3,2008,1,31,2013,"Feb,May,Aug,Nov","NWRP","","DUS",2008-03-01,2013-08-05
"79",79,"d","a",850,NA,NA,1,18,2011,"Feb,May,Aug,Nov","NWRP","","DUS",NA,2011-05-02
"80",80,"a","a",1100,8,2013,1,40,2014,"Jan,Apr,Jul,Oct","BY","Bavaria","MUC",2013-08-01,2014-10-06
"81",81,"a","c",NA,NA,NA,0,NA,NA,"","BEHBHHNISH","","HAM",NA,NA
"82",82,"a","a",2060,10,2008,0,NA,NA,"","SN","Saxony","DRS",2008-10-01,NA
"83",83,"a","a",770,5,2013,1,40,2014,"Jan,Apr,Jul,Oct","BY","Bavaria","MUC",2013-05-01,2014-10-06
"84",84,"d","c",12020,7,2009,0,NA,NA,"","BY","Bavaria","MUC",2009-07-01,NA
"85",85,"d","c",3290,12,1999,1,35,2010,"Mar,Jun,Sept,Dec","NWRP","","DUS",1999-12-01,2010-08-30
"86",86,"a","c",1530,3,2013,0,NA,NA,"","BEHBHHNISH","","HAM",2013-03-01,NA
"87",87,"a","c",210,9,2012,0,NA,NA,"","BEHBHHNISH","","HAM",2012-09-01,NA
"88",88,"c","a",1560,NA,NA,1,45,2009,"Feb,May,Aug,Nov","BW","Baden-Wurttemberg","STR",NA,2009-11-09
"89",89,"a","a",3870,4,2008,0,NA,NA,"","HE","Hesse","FRA",2008-04-01,NA
"90",90,"a","a",1190,11,2012,1,36,2013,"Jan,Apr,Jul,Oct","BY","Bavaria","MUC",2012-11-01,2013-09-09
"91",91,"d","c",1150,NA,NA,1,14,2011,"Jan,Apr,Jul,Oct","NWRP","","DUS",NA,2011-04-04
"92",92,"d","a",10180,5,2015,0,NA,NA,"","ST","Saxony-Anhalt","LEJ",2015-05-01,NA
"93",93,"c","c",3970,3,2010,0,NA,NA,"","HE","Hesse","FRA",2010-03-01,NA
"94",94,"d","c",9790,NA,NA,1,31,2009,"Feb,May,Aug,Nov","BY","Bavaria","MUC",NA,2009-08-03
"95",95,"a","a",3160,9,2009,0,NA,NA,"","BEHBHHNISH","","HAM",2009-09-01,NA
"96",96,"d","a",260,2,2012,1,14,2011,"Jan,Apr,Jul,Oct","BY","Bavaria","MUC",2012-02-01,2011-04-04
"97",97,"a","a",1420,10,2012,1,40,2014,"Jan,Apr,Jul,Oct","BY","Bavaria","MUC",2012-10-01,2014-10-06
"98",98,"a","a",850,2,2012,1,40,2014,"Jan,Apr,Jul,Oct","BY","Bavaria","MUC",2012-02-01,2014-10-06
"99",99,"a","a",5710,3,2012,1,37,2009,"Jan,Apr,Jul,Oct","HE","Hesse","FRA",2012-03-01,2009-09-14
"100",100,"a","a",3770,NA,NA,0,NA,NA,"","NWRP","","DUS",NA,NA
"101",101,"a","a",180,11,2006,0,NA,NA,"","NWRP","","DUS",2006-11-01,NA
"102",102,"b","a",1270,5,2014,0,NA,NA,"","BEHBHHNISH","","HAM",2014-05-01,NA
"103",103,"d","a",15040,10,2004,0,NA,NA,"","HE","Hesse","FRA",2004-10-01,NA
"104",104,"c","c",4490,5,2014,1,5,2013,"Feb,May,Aug,Nov","ST","Saxony-Anhalt","LEJ",2014-05-01,2013-02-04
"105",105,"a","a",330,11,2007,0,NA,NA,"","NWRP","","DUS",2007-11-01,NA
"106",106,"a","a",7280,9,2012,1,1,2013,"Jan,Apr,Jul,Oct","BY","Bavaria","MUC",2012-09-01,2013-01-07
"107",107,"d","c",4370,NA,NA,0,NA,NA,"","NWRP","","DUS",NA,NA
"108",108,"a","c",5950,NA,NA,0,NA,NA,"","BW","Baden-Wurttemberg","STR",NA,NA
"109",109,"c","a",1690,6,2007,0,NA,NA,"","BEHBHHNISH","","HAM",2007-06-01,NA
"110",110,"b","c",1210,NA,NA,0,NA,NA,"","BEHBHHNISH","","HAM",NA,NA
"111",111,"a","a",16240,10,2000,1,18,2011,"Feb,May,Aug,Nov","NWRP","","DUS",2000-10-01,2011-05-02
"112",112,"a","a",22390,4,2008,1,37,2009,"Jan,Apr,Jul,Oct","NWRP","","DUS",2008-04-01,2009-09-14
"113",113,"d","a",970,11,1999,1,5,2013,"Feb,May,Aug,Nov","NWRP","","DUS",1999-11-01,2013-02-04
"114",114,"a","a",1410,4,2003,0,NA,NA,"","NWRP","","DUS",2003-04-01,NA
"115",115,"d","c",1860,5,2015,0,NA,NA,"","BEHBHHNISH","","HAM",2015-05-01,NA
"116",116,"a","c",1320,5,2013,0,NA,NA,"","NWRP","","DUS",2013-05-01,NA
"117",117,"a","a",90,7,2010,0,NA,NA,"","HE","Hesse","FRA",2010-07-01,NA
"118",118,"d","a",3780,NA,NA,1,40,2011,"Jan,Apr,Jul,Oct","NWRP","","DUS",NA,2011-10-03
"119",119,"d","c",2170,NA,NA,0,NA,NA,"","NWRP","","DUS",NA,NA
"120",120,"c","a",300,4,2006,0,NA,NA,"","BEHBHHNISH","","HAM",2006-04-01,NA
"121",121,"d","c",19960,3,2006,0,NA,NA,"","BY","Bavaria","MUC",2006-03-01,NA
"122",122,"d","c",13530,9,2013,0,NA,NA,"","BEHBHHNISH","","HAM",2013-09-01,NA
"123",123,"d","c",11260,NA,NA,1,9,2011,"Feb,May,Aug,Nov","NWRP","","DUS",NA,2011-02-28
"124",124,"a","c",960,11,2011,1,1,2012,"Jan,Apr,Jul,Oct","BEHBHHNISH","","HAM",2011-11-01,2012-01-02
"125",125,"d","a",8300,9,2006,0,NA,NA,"","SN","Saxony","DRS",2006-09-01,NA
"126",126,"a","a",3370,12,2008,1,40,2014,"Jan,Apr,Jul,Oct","BY","Bavaria","MUC",2008-12-01,2014-10-06
"127",127,"d","c",15140,12,2006,1,1,2012,"Jan,Apr,Jul,Oct","NWRP","","DUS",2006-12-01,2012-01-02
"128",128,"a","c",190,6,2008,1,40,2011,"Jan,Apr,Jul,Oct","BY","Bavaria","MUC",2008-06-01,2011-10-03
"129",129,"d","c",2640,NA,NA,0,NA,NA,"","NWRP","","DUS",NA,NA
"130",130,"d","a",8220,4,2014,1,14,2011,"Jan,Apr,Jul,Oct","HE","Hesse","FRA",2014-04-01,2011-04-04
"131",131,"a","c",11810,8,2014,0,NA,NA,"","NWRP","","DUS",2014-08-01,NA
"132",132,"a","a",350,8,1999,1,14,2011,"Jan,Apr,Jul,Oct","BBMVTH","","TXL ",1999-08-01,2011-04-04
"133",133,"d","c",1130,11,2008,0,NA,NA,"","BEHBHHNISH","","HAM",2008-11-01,NA
"134",134,"c","a",110,NA,NA,0,NA,NA,"","HE","Hesse","FRA",NA,NA
"135",135,"a","a",90,6,2014,0,NA,NA,"","NWRP","","DUS",2014-06-01,NA
"136",136,"a","c",840,NA,NA,1,10,2014,"Jan,Apr,Jul,Oct","NWRP","","DUS",NA,2014-03-10
"137",137,"a","c",4030,NA,NA,0,NA,NA,"","BEHBHHNISH","","HAM",NA,NA
"138",138,"d","c",32240,3,2010,0,NA,NA,"","BEHBHHNISH","","HAM",2010-03-01,NA
"139",139,"d","a",18650,4,2004,1,14,2014,"Jan,Apr,Jul,Oct","NWRP","","DUS",2004-04-01,2014-04-07
"140",140,"a","a",4160,NA,NA,0,NA,NA,"","NWRP","","DUS",NA,NA
"141",141,"d","c",1860,9,2012,1,40,2012,"Jan,Apr,Jul,Oct","BEHBHHNISH","","HAM",2012-09-01,2012-10-01
"142",142,"a","a",910,12,2014,1,37,2009,"Jan,Apr,Jul,Oct","HE","Hesse","FRA",2014-12-01,2009-09-14
"143",143,"a","a",2460,NA,NA,1,14,2011,"Jan,Apr,Jul,Oct","BY","Bavaria","MUC",NA,2011-04-04
"144",144,"d","a",19840,7,2009,0,NA,NA,"","BY","Bavaria","MUC",2009-07-01,NA
"145",145,"c","a",3390,NA,NA,0,NA,NA,"","HE","Hesse","FRA",NA,NA
"146",146,"a","a",990,NA,NA,1,40,2014,"Jan,Apr,Jul,Oct","BY","Bavaria","MUC",NA,2014-10-06
"147",147,"d","c",18010,9,2014,0,NA,NA,"","BEHBHHNISH","","HAM",2014-09-01,NA
"148",148,"d","c",15170,NA,NA,1,5,2013,"Feb,May,Aug,Nov","BW","Baden-Wurttemberg","STR",NA,2013-02-04
"149",149,"a","c",21370,11,2010,0,NA,NA,"","BEHBHHNISH","","HAM",2010-11-01,NA
"150",150,"a","a",720,11,2009,0,NA,NA,"","NWRP","","DUS",2009-11-01,NA
"151",151,"c","c",1490,4,2009,0,NA,NA,"","BEHBHHNISH","","HAM",2009-04-01,NA
"152",152,"a","a",350,NA,NA,1,5,2013,"Feb,May,Aug,Nov","BW","Baden-Wurttemberg","STR",NA,2013-02-04
"153",153,"d","c",4680,NA,NA,1,22,2012,"Mar,Jun,Sept,Dec","BW","Baden-Wurttemberg","STR",NA,2012-05-28
"154",154,"d","c",7840,NA,NA,1,31,2009,"Feb,May,Aug,Nov","BY","Bavaria","MUC",NA,2009-08-03
"155",155,"d","a",1350,12,2005,1,13,2010,"Jan,Apr,Jul,Oct","BY","Bavaria","MUC",2005-12-01,2010-03-29
"156",156,"a","a",4140,9,2012,1,18,2011,"Feb,May,Aug,Nov","NWRP","","DUS",2012-09-01,2011-05-02
"157",157,"a","c",18160,NA,NA,0,NA,NA,"","BEHBHHNISH","","HAM",NA,NA
"158",158,"a","a",40,2,2014,1,10,2014,"Mar,Jun,Sept,Dec","NWRP","","DUS",2014-02-01,2014-03-10
"159",159,"a","a",2090,12,2008,0,NA,NA,"","BEHBHHNISH","","HAM",2008-12-01,NA
"160",160,"a","a",280,9,2008,0,NA,NA,"","BEHBHHNISH","","HAM",2008-09-01,NA
"161",161,"c","c",3290,1,2007,1,5,2013,"Feb,May,Aug,Nov","NWRP","","DUS",2007-01-01,2013-02-04
"162",162,"a","a",230,6,2010,1,18,2010,"Feb,May,Aug,Nov","BEHBHHNISH","","HAM",2010-06-01,2010-05-03
"163",163,"a","a",27190,7,2010,1,37,2009,"Jan,Apr,Jul,Oct","BY","Bavaria","MUC",2010-07-01,2009-09-14
"164",164,"a","a",240,NA,NA,0,NA,NA,"","NWRP","","DUS",NA,NA
"165",165,"a","c",410,2,2006,0,NA,NA,"","BW","Baden-Wurttemberg","STR",2006-02-01,NA
"166",166,"a","a",3410,8,2011,1,14,2015,"Jan,Apr,Jul,Oct","NWRP","","DUS",2011-08-01,2015-04-06
"167",167,"a","a",480,2,2005,1,31,2013,"Jan,Apr,Jul,Oct","NWRP","","DUS",2005-02-01,2013-08-05
"168",168,"d","c",6680,9,2013,0,NA,NA,"","BEHBHHNISH","","HAM",2013-09-01,NA
"169",169,"d","c",3330,3,2015,1,13,2010,"Jan,Apr,Jul,Oct","BY","Bavaria","MUC",2015-03-01,2010-03-29
"170",170,"a","a",390,2,2013,1,10,2014,"Jan,Apr,Jul,Oct","NWRP","","DUS",2013-02-01,2014-03-10
"171",171,"d","a",18610,NA,NA,0,NA,NA,"","SN","Saxony","DRS",NA,NA
"172",172,"a","c",480,NA,NA,0,NA,NA,"","NWRP","","DUS",NA,NA
"173",173,"a","a",3620,NA,NA,1,40,2013,"Jan,Apr,Jul,Oct","BEHBHHNISH","","HAM",NA,2013-10-07
"174",174,"a","c",910,NA,NA,1,22,2011,"Feb,May,Aug,Nov","BEHBHHNISH","","HAM",NA,2011-05-30
"175",175,"a","a",19830,4,2006,1,22,2011,"Mar,Jun,Sept,Dec","BBMVTH","","TXL ",2006-04-01,2011-05-30
"176",176,"a","c",7860,5,2005,0,NA,NA,"","BW","Baden-Wurttemberg","STR",2005-05-01,NA
"177",177,"a","a",1890,NA,NA,0,NA,NA,"","HE","Hesse","FRA",NA,NA
"178",178,"c","a",6270,8,2005,1,23,2014,"Mar,Jun,Sept,Dec","HE","Hesse","FRA",2005-08-01,2014-06-09
"179",179,"c","a",4660,4,2013,0,NA,NA,"","BEHBHHNISH","","HAM",2013-04-01,NA
"180",180,"a","c",15050,9,2008,0,NA,NA,"","BEHBHHNISH","","HAM",2008-09-01,NA
"181",181,"d","c",24530,7,2013,0,NA,NA,"","BBMVTH","","TXL ",2013-07-01,NA
"182",182,"a","a",1400,6,2012,1,13,2010,"Jan,Apr,Jul,Oct","BY","Bavaria","MUC",2012-06-01,2010-03-29
"183",183,"a","a",4450,NA,NA,1,14,2011,"Jan,Apr,Jul,Oct","BY","Bavaria","MUC",NA,2011-04-04
"184",184,"a","a",290,10,2011,1,40,2014,"Jan,Apr,Jul,Oct","BY","Bavaria","MUC",2011-10-01,2014-10-06
"185",185,"a","c",120,12,2014,1,37,2009,"Jan,Apr,Jul,Oct","HE","Hesse","FRA",2014-12-01,2009-09-14
"186",186,"a","a",660,4,2013,1,40,2014,"Jan,Apr,Jul,Oct","BY","Bavaria","MUC",2013-04-01,2014-10-06
"187",187,"b","a",90,NA,NA,1,31,2013,"Jan,Apr,Jul,Oct","NWRP","","DUS",NA,2013-08-05
"188",188,"a","a",4080,3,2011,1,13,2010,"Jan,Apr,Jul,Oct","NWRP","","DUS",2011-03-01,2010-03-29
"189",189,"a","a",1890,10,2014,0,NA,NA,"","SN","Saxony","DRS",2014-10-01,NA
"190",190,"a","a",110,NA,NA,1,40,2014,"Jan,Apr,Jul,Oct","BY","Bavaria","MUC",NA,2014-10-06
"191",191,"a","c",4570,NA,NA,0,NA,NA,"","BW","Baden-Wurttemberg","STR",NA,NA
"192",192,"a","a",29910,4,2015,0,NA,NA,"","SN","Saxony","DRS",2015-04-01,NA
"193",193,"a","c",100,4,2015,0,NA,NA,"","NWRP","","DUS",2015-04-01,NA
"194",194,"d","c",2490,11,2012,1,31,2009,"Jan,Apr,Jul,Oct","BY","Bavaria","MUC",2012-11-01,2009-08-03
"195",195,"b","b",900,NA,NA,1,14,2013,"Feb,May,Aug,Nov","BW","Baden-Wurttemberg","STR",NA,2013-04-08
"196",196,"a","a",20050,4,2002,0,NA,NA,"","SN","Saxony","DRS",2002-04-01,NA
"197",197,"a","a",1740,3,2008,1,40,2012,"Jan,Apr,Jul,Oct","BY","Bavaria","MUC",2008-03-01,2012-10-01
"198",198,"a","a",1300,3,2014,1,40,2011,"Jan,Apr,Jul,Oct","NWRP","","DUS",2014-03-01,2011-10-03
"199",199,"d","c",7170,8,2014,1,5,2013,"Feb,May,Aug,Nov","ST","Saxony-Anhalt","LEJ",2014-08-01,2013-02-04
"200",200,"c","c",3890,NA,NA,0,NA,NA,"","SN","Saxony","DRS",NA,NA
"201",201,"a","c",2970,3,2005,0,NA,NA,"","NWRP","","DUS",2005-03-01,NA
"202",202,"d","a",3370,10,2014,1,18,2011,"Feb,May,Aug,Nov","NWRP","","DUS",2014-10-01,2011-05-02
"203",203,"c","a",4230,12,2014,0,NA,NA,"","ST","Saxony-Anhalt","LEJ",2014-12-01,NA
"204",204,"a","a",15700,NA,NA,1,13,2010,"Jan,Apr,Jul,Oct","BY","Bavaria","MUC",NA,2010-03-29
"205",205,"a","c",670,NA,NA,1,14,2015,"Jan,Apr,Jul,Oct","NWRP","","DUS",NA,2015-04-06
"206",206,"c","c",5090,9,2006,0,NA,NA,"","SN","Saxony","DRS",2006-09-01,NA
"207",207,"a","a",1220,12,2010,0,NA,NA,"","BEHBHHNISH","","HAM",2010-12-01,NA
"208",208,"a","a",13090,NA,NA,1,22,2012,"Jan,Apr,Jul,Oct","BY","Bavaria","MUC",NA,2012-05-28
"209",209,"c","c",11470,10,2009,1,18,2014,"Jan,Apr,Jul,Oct","SN","Saxony","DRS",2009-10-01,2014-05-05
"210",210,"c","c",10450,6,2009,0,NA,NA,"","SN","Saxony","DRS",2009-06-01,NA
"211",211,"a","a",2290,7,2011,1,1,2012,"Jan,Apr,Jul,Oct","NWRP","","DUS",2011-07-01,2012-01-02
"212",212,"d","c",570,7,2013,1,14,2011,"Jan,Apr,Jul,Oct","BY","Bavaria","MUC",2013-07-01,2011-04-04
"213",213,"a","a",290,9,2002,1,13,2010,"Jan,Apr,Jul,Oct","BBMVTH","","TXL ",2002-09-01,2010-03-29
"214",214,"d","a",2380,3,2010,1,14,2011,"Jan,Apr,Jul,Oct","NWRP","","DUS",2010-03-01,2011-04-04
"215",215,"d","c",10890,4,2005,0,NA,NA,"","HE","Hesse","FRA",2005-04-01,NA
"216",216,"a","c",720,10,2014,0,NA,NA,"","BEHBHHNISH","","HAM",2014-10-01,NA
"217",217,"d","c",4360,10,2005,0,NA,NA,"","ST","Saxony-Anhalt","LEJ",2005-10-01,NA
"218",218,"d","a",9000,8,2001,0,NA,NA,"","NWRP","","DUS",2001-08-01,NA
"219",219,"a","a",210,11,2000,1,36,2013,"Mar,Jun,Sept,Dec","BW","Baden-Wurttemberg","STR",2000-11-01,2013-09-09
"220",220,"a","c",9260,2,2010,0,NA,NA,"","BEHBHHNISH","","HAM",2010-02-01,NA
"221",221,"a","a",1160,12,2012,0,NA,NA,"","SN","Saxony","DRS",2012-12-01,NA
"222",222,"c","c",1200,7,2012,1,27,2012,"Jan,Apr,Jul,Oct","BY","Bavaria","MUC",2012-07-01,2012-07-02
"223",223,"a","a",4260,7,2008,1,37,2009,"Jan,Apr,Jul,Oct","HE","Hesse","FRA",2008-07-01,2009-09-14
"224",224,"a","c",5380,8,2015,1,5,2010,"Feb,May,Aug,Nov","NWRP","","DUS",2015-08-01,2010-02-01
"225",225,"c","a",4510,NA,NA,1,48,2011,"Mar,Jun,Sept,Dec","BBMVTH","","TXL ",NA,2011-11-28
"226",226,"c","c",190,NA,NA,1,31,2013,"Feb,May,Aug,Nov","NWRP","","DUS",NA,2013-08-05
"227",227,"a","a",18760,8,2015,1,14,2011,"Jan,Apr,Jul,Oct","ST","Saxony-Anhalt","LEJ",2015-08-01,2011-04-04
"228",228,"a","a",1470,12,2006,1,40,2014,"Jan,Apr,Jul,Oct","BY","Bavaria","MUC",2006-12-01,2014-10-06
"229",229,"a","a",13140,NA,NA,1,14,2011,"Jan,Apr,Jul,Oct","ST","Saxony-Anhalt","LEJ",NA,2011-04-04
"230",230,"a","c",12480,3,2011,0,NA,NA,"","BEHBHHNISH","","HAM",2011-03-01,NA
"231",231,"a","c",2280,NA,NA,1,10,2013,"Mar,Jun,Sept,Dec","NWRP","","DUS",NA,2013-03-11
"232",232,"d","a",3050,NA,NA,1,35,2010,"Jan,Apr,Jul,Oct","BY","Bavaria","MUC",NA,2010-08-30
"233",233,"a","c",870,NA,NA,0,NA,NA,"","BEHBHHNISH","","HAM",NA,NA
"234",234,"d","c",1460,NA,NA,0,NA,NA,"","NWRP","","DUS",NA,NA
"235",235,"a","a",30,11,2012,0,NA,NA,"","BEHBHHNISH","","HAM",2012-11-01,NA
"236",236,"a","a",540,NA,NA,1,14,2011,"Jan,Apr,Jul,Oct","NWRP","","DUS",NA,2011-04-04
"237",237,"a","c",250,NA,NA,1,5,2013,"Feb,May,Aug,Nov","NWRP","","DUS",NA,2013-02-04
"238",238,"a","a",3350,NA,NA,0,NA,NA,"","NWRP","","DUS",NA,NA
"239",239,"a","a",110,12,2007,0,NA,NA,"","BEHBHHNISH","","HAM",2007-12-01,NA
"240",240,"b","a",1180,5,2013,0,NA,NA,"","BEHBHHNISH","","HAM",2013-05-01,NA
"241",241,"d","c",9910,NA,NA,0,NA,NA,"","HE","Hesse","FRA",NA,NA
"242",242,"d","c",1680,10,2005,0,NA,NA,"","ST","Saxony-Anhalt","LEJ",2005-10-01,NA
"243",243,"d","a",8670,2,2002,1,14,2011,"Jan,Apr,Jul,Oct","BY","Bavaria","MUC",2002-02-01,2011-04-04
"244",244,"a","c",2270,NA,NA,1,35,2012,"Mar,Jun,Sept,Dec","BEHBHHNISH","","HAM",NA,2012-08-27
"245",245,"a","a",1640,2,2013,0,NA,NA,"","NWRP","","DUS",2013-02-01,NA
"246",246,"d","c",22560,NA,NA,1,14,2013,"Jan,Apr,Jul,Oct","NWRP","","DUS",NA,2013-04-08
"247",247,"d","c",1460,4,2014,1,31,2013,"Jan,Apr,Jul,Oct","NWRP","","DUS",2014-04-01,2013-08-05
"248",248,"a","a",840,9,2006,0,NA,NA,"","SN","Saxony","DRS",2006-09-01,NA
"249",249,"d","a",260,NA,NA,1,44,2010,"Feb,May,Aug,Nov","BY","Bavaria","MUC",NA,2010-11-01
"250",250,"c","a",3150,NA,NA,0,NA,NA,"","BEHBHHNISH","","HAM",NA,NA
"251",251,"d","a",5070,11,2007,1,18,2015,"Feb,May,Aug,Nov","NWRP","","DUS",2007-11-01,2015-05-04
"252",252,"d","a",2960,12,2014,1,23,2015,"Mar,Jun,Sept,Dec","BY","Bavaria","MUC",2014-12-01,2015-06-08
"253",253,"a","a",20640,9,2007,0,NA,NA,"","BY","Bavaria","MUC",2007-09-01,NA
"254",254,"a","c",4820,9,2013,0,NA,NA,"","BEHBHHNISH","","HAM",2013-09-01,NA
"255",255,"a","a",120,NA,NA,1,22,2012,"Jan,Apr,Jul,Oct","BY","Bavaria","MUC",NA,2012-05-28
"256",256,"a","c",26490,NA,NA,1,10,2014,"Mar,Jun,Sept,Dec","NWRP","","DUS",NA,2014-03-10
"257",257,"a","a",370,7,2012,1,14,2011,"Jan,Apr,Jul,Oct","BY","Bavaria","MUC",2012-07-01,2011-04-04
"258",258,"a","a",27650,8,2004,0,NA,NA,"","SN","Saxony","DRS",2004-08-01,NA
"259",259,"b","a",1870,10,2011,0,NA,NA,"","BEHBHHNISH","","HAM",2011-10-01,NA
"260",260,"d","a",770,7,2010,1,35,2010,"Jan,Apr,Jul,Oct","BY","Bavaria","MUC",2010-07-01,2010-08-30
"261",261,"a","a",6870,NA,NA,0,NA,NA,"","BEHBHHNISH","","HAM",NA,NA
"262",262,"a","c",1090,7,2010,1,1,2013,"Jan,Apr,Jul,Oct","HE","Hesse","FRA",2010-07-01,2013-01-07
"263",263,"d","a",1560,1,2014,1,10,2013,"Mar,Jun,Sept,Dec","BY","Bavaria","MUC",2014-01-01,2013-03-11
"264",264,"d","c",2780,6,2015,0,NA,NA,"","BEHBHHNISH","","HAM",2015-06-01,NA
"265",265,"a","c",360,3,2014,1,9,2011,"Mar,Jun,Sept,Dec","SN","Saxony","DRS",2014-03-01,2011-02-28
"266",266,"a","a",960,5,2008,1,13,2010,"Jan,Apr,Jul,Oct","BY","Bavaria","MUC",2008-05-01,2010-03-29
"267",267,"a","a",3720,4,2005,1,13,2010,"Jan,Apr,Jul,Oct","BY","Bavaria","MUC",2005-04-01,2010-03-29
"268",268,"a","a",380,5,2011,1,40,2014,"Jan,Apr,Jul,Oct","BY","Bavaria","MUC",2011-05-01,2014-10-06
"269",269,"d","a",5470,NA,NA,1,37,2009,"Jan,Apr,Jul,Oct","BW","Baden-Wurttemberg","STR",NA,2009-09-14
"270",270,"a","a",16990,4,2004,0,NA,NA,"","SN","Saxony","DRS",2004-04-01,NA
"271",271,"a","a",2260,NA,NA,0,NA,NA,"","NWRP","","DUS",NA,NA
"272",272,"a","c",23130,NA,NA,0,NA,NA,"","ST","Saxony-Anhalt","LEJ",NA,NA
"273",273,"a","a",650,11,2013,1,37,2009,"Jan,Apr,Jul,Oct","NWRP","","DUS",2013-11-01,2009-09-14
"274",274,"d","c",1870,9,2013,0,NA,NA,"","BEHBHHNISH","","HAM",2013-09-01,NA
"275",275,"d","c",1090,8,2009,1,10,2014,"Jan,Apr,Jul,Oct","HE","Hesse","FRA",2009-08-01,2014-03-10
"276",276,"a","a",1370,12,2011,1,40,2014,"Jan,Apr,Jul,Oct","BY","Bavaria","MUC",2011-12-01,2014-10-06
"277",277,"d","a",1290,NA,NA,1,40,2014,"Jan,Apr,Jul,Oct","BY","Bavaria","MUC",NA,2014-10-06
"278",278,"a","a",70,11,2004,1,14,2011,"Jan,Apr,Jul,Oct","BBMVTH","","TXL ",2004-11-01,2011-04-04
"279",279,"d","c",13140,NA,NA,1,31,2013,"Jan,Apr,Jul,Oct","BY","Bavaria","MUC",NA,2013-08-05
"280",280,"a","c",420,NA,NA,0,NA,NA,"","NWRP","","DUS",NA,NA
"281",281,"a","a",620,10,2014,1,18,2014,"Feb,May,Aug,Nov","NWRP","","DUS",2014-10-01,2014-05-05
"282",282,"a","a",140,9,2005,0,NA,NA,"","NWRP","","DUS",2005-09-01,NA
"283",283,"a","c",19780,6,2008,0,NA,NA,"","BW","Baden-Wurttemberg","STR",2008-06-01,NA
"284",284,"d","c",1340,10,2006,1,5,2013,"Feb,May,Aug,Nov","HE","Hesse","FRA",2006-10-01,2013-02-04
"285",285,"a","a",1060,5,2009,1,27,2011,"Feb,May,Aug,Nov","NWRP","","DUS",2009-05-01,2011-07-04
"286",286,"a","c",22350,6,2010,0,NA,NA,"","BEHBHHNISH","","HAM",2010-06-01,NA
"287",287,"a","a",16760,9,2011,0,NA,NA,"","ST","Saxony-Anhalt","LEJ",2011-09-01,NA
"288",288,"d","c",580,11,2014,0,NA,NA,"","BEHBHHNISH","","HAM",2014-11-01,NA
"289",289,"a","c",9990,NA,NA,0,NA,NA,"","BEHBHHNISH","","HAM",NA,NA
"290",290,"d","c",5350,NA,NA,1,22,2012,"Mar,Jun,Sept,Dec","HE","Hesse","FRA",NA,2012-05-28
"291",291,"c","c",1990,1,2012,0,NA,NA,"","BEHBHHNISH","","HAM",2012-01-01,NA
"292",292,"a","c",3240,NA,NA,1,22,2011,"Mar,Jun,Sept,Dec","NWRP","","DUS",NA,2011-05-30
"293",293,"d","c",3270,NA,NA,1,22,2012,"Jan,Apr,Jul,Oct","BY","Bavaria","MUC",NA,2012-05-28
"294",294,"d","c",1180,NA,NA,1,31,2013,"Jan,Apr,Jul,Oct","BY","Bavaria","MUC",NA,2013-08-05
"295",295,"d","c",810,NA,NA,1,48,2012,"Jan,Apr,Jul,Oct","BY","Bavaria","MUC",NA,2012-11-26
"296",296,"a","a",2820,9,2009,0,NA,NA,"","BEHBHHNISH","","HAM",2009-09-01,NA
"297",297,"a","a",320,12,2005,1,9,2011,"Feb,May,Aug,Nov","ST","Saxony-Anhalt","LEJ",2005-12-01,2011-02-28
"298",298,"a","a",2370,3,2011,1,40,2014,"Jan,Apr,Jul,Oct","BY","Bavaria","MUC",2011-03-01,2014-10-06
"299",299,"d","c",970,NA,NA,1,9,2011,"Mar,Jun,Sept,Dec","BY","Bavaria","MUC",NA,2011-02-28
"300",300,"a","c",220,NA,NA,1,10,2014,"Jan,Apr,Jul,Oct","NWRP","","DUS",NA,2014-03-10
"301",301,"a","a",16490,NA,NA,1,22,2012,"Jan,Apr,Jul,Oct","BY","Bavaria","MUC",NA,2012-05-28
"302",302,"a","a",3210,NA,NA,0,NA,NA,"","BEHBHHNISH","","HAM",NA,NA
"303",303,"d","c",5010,NA,NA,1,5,2013,"Jan,Apr,Jul,Oct","BW","Baden-Wurttemberg","STR",NA,2013-02-04
"304",304,"c","a",3250,NA,NA,1,40,2011,"Jan,Apr,Jul,Oct","NWRP","","DUS",NA,2011-10-03
"305",305,"d","c",38630,9,2012,0,NA,NA,"","BEHBHHNISH","","HAM",2012-09-01,NA
"306",306,"a","a",2220,12,2011,1,14,2015,"Jan,Apr,Jul,Oct","NWRP","","DUS",2011-12-01,2015-04-06
"307",307,"a","a",1800,11,2006,1,5,2013,"Feb,May,Aug,Nov","ST","Saxony-Anhalt","LEJ",2006-11-01,2013-02-04
"308",308,"a","c",18370,2,2013,1,14,2011,"Jan,Apr,Jul,Oct","ST","Saxony-Anhalt","LEJ",2013-02-01,2011-04-04
"309",309,"d","c",2870,9,2012,0,NA,NA,"","BEHBHHNISH","","HAM",2012-09-01,NA
"310",310,"a","a",560,10,2014,1,10,2014,"Jan,Apr,Jul,Oct","NWRP","","DUS",2014-10-01,2014-03-10
"311",311,"a","a",16690,NA,NA,1,14,2011,"Jan,Apr,Jul,Oct","NWRP","","DUS",NA,2011-04-04
"312",312,"d","a",8250,10,2000,1,31,2009,"Jan,Apr,Jul,Oct","NWRP","","DUS",2000-10-01,2009-08-03
"313",313,"c","c",5000,NA,NA,0,NA,NA,"","BEHBHHNISH","","HAM",NA,NA
"314",314,"c","a",700,4,2009,1,14,2011,"Jan,Apr,Jul,Oct","NWRP","","DUS",2009-04-01,2011-04-04
"315",315,"a","c",3560,9,2013,1,36,2013,"Jan,Apr,Jul,Oct","NWRP","","DUS",2013-09-01,2013-09-09
"316",316,"a","c",1130,NA,NA,1,10,2014,"Mar,Jun,Sept,Dec","NWRP","","DUS",NA,2014-03-10
"317",317,"a","c",19360,NA,NA,0,NA,NA,"","BEHBHHNISH","","HAM",NA,NA
"318",318,"d","a",5760,7,2014,0,NA,NA,"","NWRP","","DUS",2014-07-01,NA
"319",319,"a","c",2950,10,2004,0,NA,NA,"","NWRP","","DUS",2004-10-01,NA
"320",320,"d","c",2190,12,2007,1,9,2011,"Mar,Jun,Sept,Dec","HE","Hesse","FRA",2007-12-01,2011-02-28
"321",321,"a","c",14600,4,2015,0,NA,NA,"","HE","Hesse","FRA",2015-04-01,NA
"322",322,"d","c",3290,12,2014,0,NA,NA,"","ST","Saxony-Anhalt","LEJ",2014-12-01,NA
"323",323,"a","c",33060,3,2010,0,NA,NA,"","BEHBHHNISH","","HAM",2010-03-01,NA
"324",324,"a","c",50,NA,NA,1,40,2011,"Jan,Apr,Jul,Oct","NWRP","","DUS",NA,2011-10-03
"325",325,"d","c",2320,NA,NA,1,40,2012,"Jan,Apr,Jul,Oct","BY","Bavaria","MUC",NA,2012-10-01
"326",326,"a","a",7240,2,2010,0,NA,NA,"","NWRP","","DUS",2010-02-01,NA
"327",327,"c","c",3330,10,2001,1,14,2011,"Jan,Apr,Jul,Oct","SN","Saxony","DRS",2001-10-01,2011-04-04
"328",328,"c","c",3210,6,2009,0,NA,NA,"","SN","Saxony","DRS",2009-06-01,NA
"329",329,"a","c",170,9,2012,0,NA,NA,"","BEHBHHNISH","","HAM",2012-09-01,NA
"330",330,"c","a",4130,NA,NA,0,NA,NA,"","BEHBHHNISH","","HAM",NA,NA
"331",331,"a","a",2170,11,2008,0,NA,NA,"","BEHBHHNISH","","HAM",2008-11-01,NA
"332",332,"c","a",1620,9,2009,0,NA,NA,"","BEHBHHNISH","","HAM",2009-09-01,NA
"333",333,"a","c",16490,NA,NA,0,NA,NA,"","BEHBHHNISH","","HAM",NA,NA
"334",334,"d","a",2810,NA,NA,1,10,2014,"Jan,Apr,Jul,Oct","HE","Hesse","FRA",NA,2014-03-10
"335",335,"a","a",1250,2,2004,1,5,2013,"Feb,May,Aug,Nov","ST","Saxony-Anhalt","LEJ",2004-02-01,2013-02-04
"336",336,"a","c",1310,NA,NA,0,NA,NA,"","HE","Hesse","FRA",NA,NA
"337",337,"a","a",2380,7,2004,1,40,2014,"Jan,Apr,Jul,Oct","BY","Bavaria","MUC",2004-07-01,2014-10-06
"338",338,"a","a",50,NA,NA,0,NA,NA,"","BEHBHHNISH","","HAM",NA,NA
"339",339,"c","c",3530,6,2012,1,35,2012,"Mar,Jun,Sept,Dec","BEHBHHNISH","","HAM",2012-06-01,2012-08-27
"340",340,"d","c",11840,NA,NA,1,31,2009,"Feb,May,Aug,Nov","NWRP","","DUS",NA,2009-08-03
"341",341,"d","c",4520,9,2010,1,31,2013,"Jan,Apr,Jul,Oct","BW","Baden-Wurttemberg","STR",2010-09-01,2013-08-05
"342",342,"d","a",6880,9,2001,1,14,2011,"Jan,Apr,Jul,Oct","HE","Hesse","FRA",2001-09-01,2011-04-04
"343",343,"a","c",1070,8,2010,0,NA,NA,"","NWRP","","DUS",2010-08-01,NA
"344",344,"d","a",1740,6,2014,1,45,2009,"Feb,May,Aug,Nov","BY","Bavaria","MUC",2014-06-01,2009-11-09
"345",345,"a","a",520,NA,NA,0,NA,NA,"","BW","Baden-Wurttemberg","STR",NA,NA
"346",346,"d","a",2290,12,2014,1,37,2009,"Jan,Apr,Jul,Oct","HE","Hesse","FRA",2014-12-01,2009-09-14
"347",347,"a","c",5080,NA,NA,1,31,2013,"Feb,May,Aug,Nov","NWRP","","DUS",NA,2013-08-05
"348",348,"a","c",8090,NA,NA,0,NA,NA,"","NWRP","","DUS",NA,NA
"349",349,"d","c",11540,NA,NA,1,5,2013,"Feb,May,Aug,Nov","HE","Hesse","FRA",NA,2013-02-04
"350",350,"d","a",3910,11,2006,1,5,2013,"Feb,May,Aug,Nov","ST","Saxony-Anhalt","LEJ",2006-11-01,2013-02-04
"351",351,"c","c",900,9,2010,0,NA,NA,"","BEHBHHNISH","","HAM",2010-09-01,NA
"352",352,"d","a",2300,NA,NA,0,NA,NA,"","SN","Saxony","DRS",NA,NA
"353",353,"d","c",610,NA,NA,0,NA,NA,"","NWRP","","DUS",NA,NA
"354",354,"c","a",60,4,2006,0,NA,NA,"","BEHBHHNISH","","HAM",2006-04-01,NA
"355",355,"a","a",1070,9,2009,0,NA,NA,"","BEHBHHNISH","","HAM",2009-09-01,NA
"356",356,"a","a",1790,5,2011,0,NA,NA,"","BEHBHHNISH","","HAM",2011-05-01,NA
"357",357,"a","a",150,NA,NA,1,31,2013,"Jan,Apr,Jul,Oct","NWRP","","DUS",NA,2013-08-05
"358",358,"a","a",60,1,2005,1,5,2011,"Jan,Apr,Jul,Oct","NWRP","","DUS",2005-01-01,2011-01-31
"359",359,"a","c",640,NA,NA,1,9,2011,"Mar,Jun,Sept,Dec","BY","Bavaria","MUC",NA,2011-02-28
"360",360,"d","c",710,NA,NA,1,40,2011,"Jan,Apr,Jul,Oct","NWRP","","DUS",NA,2011-10-03
"361",361,"d","c",2640,9,2012,0,NA,NA,"","BEHBHHNISH","","HAM",2012-09-01,NA
"362",362,"d","c",17410,4,2007,1,14,2011,"Jan,Apr,Jul,Oct","NWRP","","DUS",2007-04-01,2011-04-04
"363",363,"a","a",27530,4,2014,0,NA,NA,"","ST","Saxony-Anhalt","LEJ",2014-04-01,NA
"364",364,"c","a",50,11,2006,0,NA,NA,"","BEHBHHNISH","","HAM",2006-11-01,NA
"365",365,"a","a",8780,2,2005,1,37,2009,"Jan,Apr,Jul,Oct","SN","Saxony","DRS",2005-02-01,2009-09-14
"366",366,"d","c",5440,NA,NA,1,40,2014,"Jan,Apr,Jul,Oct","BY","Bavaria","MUC",NA,2014-10-06
"367",367,"d","c",960,11,2012,1,5,2013,"Feb,May,Aug,Nov","NWRP","","DUS",2012-11-01,2013-02-04
"368",368,"d","c",1360,8,2005,1,10,2014,"Jan,Apr,Jul,Oct","HE","Hesse","FRA",2005-08-01,2014-03-10
"369",369,"a","a",2060,NA,NA,1,45,2009,"Feb,May,Aug,Nov","BY","Bavaria","MUC",NA,2009-11-09
"370",370,"c","c",80,1,2006,1,10,2014,"Jan,Apr,Jul,Oct","NWRP","","DUS",2006-01-01,2014-03-10
"371",371,"a","a",250,NA,NA,0,NA,NA,"","NWRP","","DUS",NA,NA
"372",372,"a","a",2640,11,2002,0,NA,NA,"","ST","Saxony-Anhalt","LEJ",2002-11-01,NA
"373",373,"d","a",1120,5,2007,1,31,2013,"Jan,Apr,Jul,Oct","NWRP","","DUS",2007-05-01,2013-08-05
"374",374,"d","c",3030,NA,NA,1,37,2009,"Jan,Apr,Jul,Oct","NWRP","","DUS",NA,2009-09-14
"375",375,"d","c",270,2,2013,1,40,2012,"Jan,Apr,Jul,Oct","ST","Saxony-Anhalt","LEJ",2013-02-01,2012-10-01
"376",376,"a","c",250,10,2008,0,NA,NA,"","NWRP","","DUS",2008-10-01,NA
"377",377,"d","c",330,9,2006,1,14,2011,"Jan,Apr,Jul,Oct","BY","Bavaria","MUC",2006-09-01,2011-04-04
"378",378,"a","a",250,12,2001,1,13,2010,"Jan,Apr,Jul,Oct","SN","Saxony","DRS",2001-12-01,2010-03-29
"379",379,"d","c",9430,NA,NA,0,NA,NA,"","NWRP","","DUS",NA,NA
"380",380,"c","a",40,11,2011,1,22,2012,"Mar,Jun,Sept,Dec","NWRP","","DUS",2011-11-01,2012-05-28
"381",381,"a","a",220,NA,NA,1,36,2013,"Mar,Jun,Sept,Dec","NWRP","","DUS",NA,2013-09-09
"382",382,"d","c",12870,10,2008,0,NA,NA,"","BY","Bavaria","MUC",2008-10-01,NA
"383",383,"c","c",5980,2,2010,0,NA,NA,"","BEHBHHNISH","","HAM",2010-02-01,NA
"384",384,"d","a",12700,4,2013,0,NA,NA,"","BEHBHHNISH","","HAM",2013-04-01,NA
"385",385,"a","c",160,7,2007,0,NA,NA,"","NWRP","","DUS",2007-07-01,NA
"386",386,"a","a",2120,NA,NA,0,NA,NA,"","NWRP","","DUS",NA,NA
"387",387,"a","a",90,NA,NA,1,45,2009,"Feb,May,Aug,Nov","BW","Baden-Wurttemberg","STR",NA,2009-11-09
"388",388,"a","a",50,NA,NA,0,NA,NA,"","NWRP","","DUS",NA,NA
"389",389,"a","a",3570,4,2007,0,NA,NA,"","NWRP","","DUS",2007-04-01,NA
"390",390,"c","a",19640,NA,NA,1,14,2011,"Jan,Apr,Jul,Oct","BBMVTH","","TXL ",NA,2011-04-04
"391",391,"a","a",1780,NA,NA,0,NA,NA,"","NWRP","","DUS",NA,NA
"392",392,"a","c",26990,12,2013,0,NA,NA,"","BEHBHHNISH","","HAM",2013-12-01,NA
"393",393,"b","a",150,9,2006,0,NA,NA,"","BEHBHHNISH","","HAM",2006-09-01,NA
"394",394,"a","a",1460,4,2015,0,NA,NA,"","BBMVTH","","TXL ",2015-04-01,NA
"395",395,"a","a",18160,NA,NA,0,NA,NA,"","SN","Saxony","DRS",NA,NA
"396",396,"a","a",570,11,2007,1,13,2010,"Jan,Apr,Jul,Oct","BBMVTH","","TXL ",2007-11-01,2010-03-29
"397",397,"d","a",2340,5,2009,1,40,2014,"Jan,Apr,Jul,Oct","BY","Bavaria","MUC",2009-05-01,2014-10-06
"398",398,"d","c",4060,9,2012,0,NA,NA,"","BEHBHHNISH","","HAM",2012-09-01,NA
"399",399,"c","a",2240,9,2009,0,NA,NA,"","BEHBHHNISH","","HAM",2009-09-01,NA
"400",400,"a","c",9630,NA,NA,1,14,2011,"Jan,Apr,Jul,Oct","NWRP","","DUS",NA,2011-04-04
"401",401,"a","a",1000,11,2007,0,NA,NA,"","BEHBHHNISH","","HAM",2007-11-01,NA
"402",402,"c","a",940,4,2004,1,14,2011,"Jan,Apr,Jul,Oct","HE","Hesse","FRA",2004-04-01,2011-04-04
"403",403,"a","a",14130,12,2006,1,14,2011,"Jan,Apr,Jul,Oct","NWRP","","DUS",2006-12-01,2011-04-04
"404",404,"a","c",120,4,2009,1,1,2012,"Jan,Apr,Jul,Oct","HE","Hesse","FRA",2009-04-01,2012-01-02
"405",405,"a","c",340,NA,NA,0,NA,NA,"","NWRP","","DUS",NA,NA
"406",406,"c","a",1190,9,2013,0,NA,NA,"","BEHBHHNISH","","HAM",2013-09-01,NA
"407",407,"d","c",1420,11,2012,0,NA,NA,"","BEHBHHNISH","","HAM",2012-11-01,NA
"408",408,"d","a",730,8,2007,0,NA,NA,"","HE","Hesse","FRA",2007-08-01,NA
"409",409,"a","a",2720,9,2012,0,NA,NA,"","SN","Saxony","DRS",2012-09-01,NA
"410",410,"d","c",8240,3,2001,1,10,2013,"Feb,May,Aug,Nov","NWRP","","DUS",2001-03-01,2013-03-11
"411",411,"a","c",3970,9,2009,0,NA,NA,"","NWRP","","DUS",2009-09-01,NA
"412",412,"c","a",240,4,2015,1,13,2010,"Jan,Apr,Jul,Oct","BW","Baden-Wurttemberg","STR",2015-04-01,2010-03-29
"413",413,"c","c",2510,8,2009,1,1,2012,"Jan,Apr,Jul,Oct","BEHBHHNISH","","HAM",2009-08-01,2012-01-02
"414",414,"d","a",1200,9,2009,1,45,2009,"Jan,Apr,Jul,Oct","BY","Bavaria","MUC",2009-09-01,2009-11-09
"415",415,"d","c",11120,NA,NA,1,22,2012,"Jan,Apr,Jul,Oct","BW","Baden-Wurttemberg","STR",NA,2012-05-28
"416",416,"d","a",1710,NA,NA,0,NA,NA,"","SN","Saxony","DRS",NA,NA
"417",417,"c","c",3100,5,2010,0,NA,NA,"","BEHBHHNISH","","HAM",2010-05-01,NA
"418",418,"a","c",23620,11,2013,0,NA,NA,"","SN","Saxony","DRS",2013-11-01,NA
"419",419,"a","a",290,11,2006,1,5,2013,"Feb,May,Aug,Nov","ST","Saxony-Anhalt","LEJ",2006-11-01,2013-02-04
"420",420,"a","a",16680,NA,NA,1,37,2009,"Jan,Apr,Jul,Oct","HE","Hesse","FRA",NA,2009-09-14
"421",421,"d","c",16350,7,2005,1,31,2013,"Jan,Apr,Jul,Oct","BY","Bavaria","MUC",2005-07-01,2013-08-05
"422",422,"a","a",230,7,2004,1,10,2014,"Jan,Apr,Jul,Oct","BY","Bavaria","MUC",2004-07-01,2014-03-10
"423",423,"a","c",250,NA,NA,1,35,2012,"Mar,Jun,Sept,Dec","BEHBHHNISH","","HAM",NA,2012-08-27
"424",424,"a","c",15710,2,2013,1,37,2009,"Jan,Apr,Jul,Oct","ST","Saxony-Anhalt","LEJ",2013-02-01,2009-09-14
"425",425,"d","a",5070,NA,NA,1,45,2009,"Feb,May,Aug,Nov","HE","Hesse","FRA",NA,2009-11-09
"426",426,"d","a",24770,10,2011,1,10,2014,"Mar,Jun,Sept,Dec","BY","Bavaria","MUC",2011-10-01,2014-03-10
"427",427,"a","c",2180,NA,NA,0,NA,NA,"","BEHBHHNISH","","HAM",NA,NA
"428",428,"d","c",2140,7,2013,0,NA,NA,"","HE","Hesse","FRA",2013-07-01,NA
"429",429,"a","c",20620,NA,NA,1,37,2009,"Jan,Apr,Jul,Oct","NWRP","","DUS",NA,2009-09-14
"430",430,"c","c",31830,3,2010,0,NA,NA,"","BEHBHHNISH","","HAM",2010-03-01,NA
"431",431,"a","a",4140,9,2012,0,NA,NA,"","BEHBHHNISH","","HAM",2012-09-01,NA
"432",432,"a","c",1510,9,2013,0,NA,NA,"","BEHBHHNISH","","HAM",2013-09-01,NA
"433",433,"a","a",870,3,2006,0,NA,NA,"","BEHBHHNISH","","HAM",2006-03-01,NA
"434",434,"d","a",4400,NA,NA,0,NA,NA,"","BW","Baden-Wurttemberg","STR",NA,NA
"435",435,"a","a",17650,11,2013,1,37,2009,"Jan,Apr,Jul,Oct","SN","Saxony","DRS",2013-11-01,2009-09-14
"436",436,"a","a",2910,NA,NA,1,45,2009,"Feb,May,Aug,Nov","BY","Bavaria","MUC",NA,2009-11-09
"437",437,"a","a",34050,4,2008,0,NA,NA,"","ST","Saxony-Anhalt","LEJ",2008-04-01,NA
"438",438,"c","c",8980,6,2011,0,NA,NA,"","NWRP","","DUS",2011-06-01,NA
"439",439,"a","a",120,NA,NA,0,NA,NA,"","HE","Hesse","FRA",NA,NA
"440",440,"d","c",1790,7,2013,1,40,2013,"Jan,Apr,Jul,Oct","BW","Baden-Wurttemberg","STR",2013-07-01,2013-10-07
"441",441,"c","c",10740,11,2013,0,NA,NA,"","SN","Saxony","DRS",2013-11-01,NA
"442",442,"a","a",1010,NA,NA,0,NA,NA,"","NWRP","","DUS",NA,NA
"443",443,"a","c",430,NA,NA,0,NA,NA,"","BEHBHHNISH","","HAM",NA,NA
"444",444,"a","a",180,NA,NA,1,45,2009,"Feb,May,Aug,Nov","NWRP","","DUS",NA,2009-11-09
"445",445,"a","a",1900,6,2014,1,31,2013,"Jan,Apr,Jul,Oct","NWRP","","DUS",2014-06-01,2013-08-05
"446",446,"a","a",2480,7,1990,0,NA,NA,"","NWRP","","DUS",1990-07-01,NA
"447",447,"b","b",1430,NA,NA,0,NA,NA,"","BW","Baden-Wurttemberg","STR",NA,NA
"448",448,"a","c",4590,3,2000,1,40,2011,"Jan,Apr,Jul,Oct","NWRP","","DUS",2000-03-01,2011-10-03
"449",449,"a","c",70,6,1990,1,22,2012,"Mar,Jun,Sept,Dec","NWRP","","DUS",1990-06-01,2012-05-28
"450",450,"a","c",340,9,2012,1,40,2012,"Jan,Apr,Jul,Oct","BEHBHHNISH","","HAM",2012-09-01,2012-10-01
"451",451,"d","c",680,NA,NA,1,22,2012,"Jan,Apr,Jul,Oct","BY","Bavaria","MUC",NA,2012-05-28
"452",452,"a","c",300,4,2011,1,14,2011,"Jan,Apr,Jul,Oct","BEHBHHNISH","","HAM",2011-04-01,2011-04-04
"453",453,"c","a",110,11,2008,0,NA,NA,"","SN","Saxony","DRS",2008-11-01,NA
"454",454,"a","c",360,NA,NA,1,18,2013,"Feb,May,Aug,Nov","HE","Hesse","FRA",NA,2013-05-06
"455",455,"a","a",200,NA,NA,0,NA,NA,"","HE","Hesse","FRA",NA,NA
"456",456,"a","a",460,11,2014,1,31,2013,"Feb,May,Aug,Nov","NWRP","","DUS",2014-11-01,2013-08-05
"457",457,"a","a",2240,5,2013,1,10,2014,"Mar,Jun,Sept,Dec","NWRP","","DUS",2013-05-01,2014-03-10
"458",458,"a","c",3170,4,2014,0,NA,NA,"","BEHBHHNISH","","HAM",2014-04-01,NA
"459",459,"d","a",710,3,2012,1,1,2012,"Jan,Apr,Jul,Oct","NWRP","","DUS",2012-03-01,2012-01-02
"460",460,"a","c",140,NA,NA,0,NA,NA,"","NWRP","","DUS",NA,NA
"461",461,"d","a",4060,8,2005,0,NA,NA,"","NWRP","","DUS",2005-08-01,NA
"462",462,"d","c",5350,NA,NA,1,40,2012,"Jan,Apr,Jul,Oct","BY","Bavaria","MUC",NA,2012-10-01
"463",463,"a","c",600,11,1999,1,10,2013,"Jan,Apr,Jul,Oct","BW","Baden-Wurttemberg","STR",1999-11-01,2013-03-11
"464",464,"a","a",390,6,2009,0,NA,NA,"","BEHBHHNISH","","HAM",2009-06-01,NA
"465",465,"a","a",16180,7,2003,1,14,2011,"Jan,Apr,Jul,Oct","HE","Hesse","FRA",2003-07-01,2011-04-04
"466",466,"d","c",22330,NA,NA,1,5,2010,"Feb,May,Aug,Nov","NWRP","","DUS",NA,2010-02-01
"467",467,"c","c",140,9,2012,0,NA,NA,"","BEHBHHNISH","","HAM",2012-09-01,NA
"468",468,"d","a",20930,NA,NA,0,NA,NA,"","SN","Saxony","DRS",NA,NA
"469",469,"d","c",3840,10,2008,1,39,2010,"Feb,May,Aug,Nov","BY","Bavaria","MUC",2008-10-01,2010-09-27
"470",470,"a","a",250,NA,NA,0,NA,NA,"","NWRP","","DUS",NA,NA
"471",471,"a","a",990,2,2010,0,NA,NA,"","BEHBHHNISH","","HAM",2010-02-01,NA
"472",472,"c","a",21770,7,2015,0,NA,NA,"","BY","Bavaria","MUC",2015-07-01,NA
"473",473,"c","c",450,NA,NA,1,5,2013,"Feb,May,Aug,Nov","BW","Baden-Wurttemberg","STR",NA,2013-02-04
"474",474,"d","c",5870,4,2014,0,NA,NA,"","HE","Hesse","FRA",2014-04-01,NA
"475",475,"a","c",5020,5,2006,1,18,2014,"Feb,May,Aug,Nov","NWRP","","DUS",2006-05-01,2014-05-05
"476",476,"c","c",330,11,2008,1,5,2013,"Feb,May,Aug,Nov","NWRP","","DUS",2008-11-01,2013-02-04
"477",477,"d","c",1970,7,2009,1,45,2014,"Feb,May,Aug,Nov","HE","Hesse","FRA",2009-07-01,2014-11-10
"478",478,"a","a",480,12,2005,0,NA,NA,"","NWRP","","DUS",2005-12-01,NA
"479",479,"d","c",4610,6,2010,1,18,2010,"Feb,May,Aug,Nov","BEHBHHNISH","","HAM",2010-06-01,2010-05-03
"480",480,"c","c",460,NA,NA,0,NA,NA,"","NWRP","","DUS",NA,NA
"481",481,"d","c",15720,3,2010,0,NA,NA,"","BEHBHHNISH","","HAM",2010-03-01,NA
"482",482,"a","a",4150,5,2001,0,NA,NA,"","NWRP","","DUS",2001-05-01,NA
"483",483,"d","a",510,7,2014,1,23,2015,"Mar,Jun,Sept,Dec","BY","Bavaria","MUC",2014-07-01,2015-06-08
"484",484,"a","c",460,11,2012,1,40,2014,"Jan,Apr,Jul,Oct","BY","Bavaria","MUC",2012-11-01,2014-10-06
"485",485,"d","c",5900,NA,NA,0,NA,NA,"","NWRP","","DUS",NA,NA
"486",486,"a","a",1170,4,2011,1,22,2012,"Feb,May,Aug,Nov","NWRP","","DUS",2011-04-01,2012-05-28
"487",487,"a","a",4300,3,2009,1,27,2013,"Jan,Apr,Jul,Oct","NWRP","","DUS",2009-03-01,2013-07-08
"488",488,"a","c",2140,8,2012,0,NA,NA,"","NWRP","","DUS",2012-08-01,NA
"489",489,"a","a",220,2,2002,1,37,2009,"Jan,Apr,Jul,Oct","HE","Hesse","FRA",2002-02-01,2009-09-14
"490",490,"d","c",7660,9,2010,0,NA,NA,"","BW","Baden-Wurttemberg","STR",2010-09-01,NA
"491",491,"d","c",5740,4,2007,1,40,2014,"Jan,Apr,Jul,Oct","BY","Bavaria","MUC",2007-04-01,2014-10-06
"492",492,"a","a",7680,3,2006,0,NA,NA,"","BEHBHHNISH","","HAM",2006-03-01,NA
"493",493,"d","c",20930,11,1999,0,NA,NA,"","BY","Bavaria","MUC",1999-11-01,NA
"494",494,"a","a",310,5,2015,1,40,2014,"Jan,Apr,Jul,Oct","BY","Bavaria","MUC",2015-05-01,2014-10-06
"495",495,"d","c",520,NA,NA,1,37,2009,"Jan,Apr,Jul,Oct","NWRP","","DUS",NA,2009-09-14
"496",496,"d","c",1940,3,2012,0,NA,NA,"","BEHBHHNISH","","HAM",2012-03-01,NA
"497",497,"a","a",810,5,2013,0,NA,NA,"","BEHBHHNISH","","HAM",2013-05-01,NA
"498",498,"d","c",2870,NA,NA,1,35,2012,"Mar,Jun,Sept,Dec","BEHBHHNISH","","HAM",NA,2012-08-27
"499",499,"a","a",180,NA,NA,1,5,2013,"Jan,Apr,Jul,Oct","HE","Hesse","FRA",NA,2013-02-04
"500",500,"a","c",130,NA,NA,1,27,2013,"Feb,May,Aug,Nov","NWRP","","DUS",NA,2013-07-08
"501",501,"a","a",1650,10,2000,0,NA,NA,"","NWRP","","DUS",2000-10-01,NA
"502",502,"a","a",8080,12,2002,1,40,2014,"Jan,Apr,Jul,Oct","BY","Bavaria","MUC",2002-12-01,2014-10-06
"503",503,"a","c",3270,NA,NA,0,NA,NA,"","BW","Baden-Wurttemberg","STR",NA,NA
"504",504,"d","c",4880,8,2010,1,18,2014,"Jan,Apr,Jul,Oct","NWRP","","DUS",2010-08-01,2014-05-05
"505",505,"a","c",22490,NA,NA,0,NA,NA,"","HE","Hesse","FRA",NA,NA
"506",506,"a","a",3440,NA,NA,1,31,2013,"Feb,May,Aug,Nov","NWRP","","DUS",NA,2013-08-05
"507",507,"c","a",430,4,2003,0,NA,NA,"","NWRP","","DUS",2003-04-01,NA
"508",508,"a","a",9580,5,2007,1,45,2014,"Feb,May,Aug,Nov","HE","Hesse","FRA",2007-05-01,2014-11-10
"509",509,"a","c",13190,NA,NA,1,45,2013,"Feb,May,Aug,Nov","BEHBHHNISH","","HAM",NA,2013-11-11
"510",510,"a","a",1310,6,1990,1,22,2012,"Mar,Jun,Sept,Dec","NWRP","","DUS",1990-06-01,2012-05-28
"511",511,"a","c",4700,9,2002,1,31,2013,"Feb,May,Aug,Nov","NWRP","","DUS",2002-09-01,2013-08-05
"512",512,"a","c",540,6,2003,1,40,2014,"Jan,Apr,Jul,Oct","BY","Bavaria","MUC",2003-06-01,2014-10-06
"513",513,"d","c",6300,10,2013,0,NA,NA,"","BY","Bavaria","MUC",2013-10-01,NA
"514",514,"a","a",7520,10,2014,0,NA,NA,"","BEHBHHNISH","","HAM",2014-10-01,NA
"515",515,"a","a",1840,3,2006,0,NA,NA,"","ST","Saxony-Anhalt","LEJ",2006-03-01,NA
"516",516,"a","c",70,7,2005,1,13,2010,"Jan,Apr,Jul,Oct","BY","Bavaria","MUC",2005-07-01,2010-03-29
"517",517,"a","c",610,12,2003,1,36,2013,"Mar,Jun,Sept,Dec","NWRP","","DUS",2003-12-01,2013-09-09
"518",518,"c","a",450,6,2011,1,48,2012,"Mar,Jun,Sept,Dec","NWRP","","DUS",2011-06-01,2012-11-26
"519",519,"d","c",18640,9,2013,1,10,2014,"Mar,Jun,Sept,Dec","BW","Baden-Wurttemberg","STR",2013-09-01,2014-03-10
"520",520,"a","c",7180,11,2012,0,NA,NA,"","NWRP","","DUS",2012-11-01,NA
"521",521,"a","a",1070,12,2006,1,13,2010,"Jan,Apr,Jul,Oct","NWRP","","DUS",2006-12-01,2010-03-29
"522",522,"c","a",1010,9,2012,1,18,2011,"Feb,May,Aug,Nov","NWRP","","DUS",2012-09-01,2011-05-02
"523",523,"a","c",2070,2,2008,1,39,2010,"Jan,Apr,Jul,Oct","BY","Bavaria","MUC",2008-02-01,2010-09-27
"524",524,"a","a",2040,11,2008,0,NA,NA,"","SN","Saxony","DRS",2008-11-01,NA
"525",525,"c","a",2410,NA,NA,1,45,2009,"Feb,May,Aug,Nov","BY","Bavaria","MUC",NA,2009-11-09
"526",526,"a","a",2850,7,2014,0,NA,NA,"","BEHBHHNISH","","HAM",2014-07-01,NA
"527",527,"c","a",170,NA,NA,1,35,2012,"Mar,Jun,Sept,Dec","BEHBHHNISH","","HAM",NA,2012-08-27
"528",528,"a","c",2200,12,2010,1,22,2012,"Feb,May,Aug,Nov","BY","Bavaria","MUC",2010-12-01,2012-05-28
"529",529,"c","a",2870,7,2015,1,13,2010,"Jan,Apr,Jul,Oct","SN","Saxony","DRS",2015-07-01,2010-03-29
"530",530,"a","c",6270,2,2005,0,NA,NA,"","SN","Saxony","DRS",2005-02-01,NA
"531",531,"d","a",17930,NA,NA,0,NA,NA,"","BY","Bavaria","MUC",NA,NA
"532",532,"c","a",1200,9,2005,1,14,2011,"Jan,Apr,Jul,Oct","BY","Bavaria","MUC",2005-09-01,2011-04-04
"533",533,"c","c",620,9,2009,0,NA,NA,"","BEHBHHNISH","","HAM",2009-09-01,NA
"534",534,"a","a",1700,9,2009,0,NA,NA,"","BEHBHHNISH","","HAM",2009-09-01,NA
"535",535,"c","c",4180,9,2012,0,NA,NA,"","BEHBHHNISH","","HAM",2012-09-01,NA
"536",536,"a","a",3020,2,2010,0,NA,NA,"","BEHBHHNISH","","HAM",2010-02-01,NA
"537",537,"a","a",19370,4,2002,0,NA,NA,"","SN","Saxony","DRS",2002-04-01,NA
"538",538,"d","a",590,5,2001,0,NA,NA,"","NWRP","","DUS",2001-05-01,NA
"539",539,"a","a",3000,2,2010,0,NA,NA,"","BEHBHHNISH","","HAM",2010-02-01,NA
"540",540,"d","c",10800,NA,NA,1,18,2011,"Feb,May,Aug,Nov","NWRP","","DUS",NA,2011-05-02
"541",541,"d","c",6970,12,2005,1,22,2011,"Jan,Apr,Jul,Oct","BY","Bavaria","MUC",2005-12-01,2011-05-30
"542",542,"a","a",10690,10,2005,0,NA,NA,"","ST","Saxony-Anhalt","LEJ",2005-10-01,NA
"543",543,"a","a",70,NA,NA,0,NA,NA,"","NWRP","","DUS",NA,NA
"544",544,"a","c",10570,7,2013,1,9,2011,"Jan,Apr,Jul,Oct","BY","Bavaria","MUC",2013-07-01,2011-02-28
"545",545,"a","a",1200,10,2014,1,6,2015,"Mar,Jun,Sept,Dec","ST","Saxony-Anhalt","LEJ",2014-10-01,2015-02-09
"546",546,"c","c",1390,12,2004,0,NA,NA,"","ST","Saxony-Anhalt","LEJ",2004-12-01,NA
"547",547,"a","c",6250,NA,NA,0,NA,NA,"","BEHBHHNISH","","HAM",NA,NA
"548",548,"a","a",1850,12,2014,1,18,2011,"Feb,May,Aug,Nov","NWRP","","DUS",2014-12-01,2011-05-02
"549",549,"d","c",9230,4,2004,1,37,2009,"Jan,Apr,Jul,Oct","NWRP","","DUS",2004-04-01,2009-09-14
"550",550,"a","c",11680,9,2011,1,31,2013,"Jan,Apr,Jul,Oct","BEHBHHNISH","","HAM",2011-09-01,2013-08-05
"551",551,"a","a",590,1,1900,1,40,2014,"Jan,Apr,Jul,Oct","BY","Bavaria","MUC",1900-01-01,2014-10-06
"552",552,"d","a",410,4,2009,1,13,2010,"Jan,Apr,Jul,Oct","HE","Hesse","FRA",2009-04-01,2010-03-29
"553",553,"a","a",2260,11,2007,0,NA,NA,"","BEHBHHNISH","","HAM",2007-11-01,NA
"554",554,"a","a",5290,11,2012,1,5,2013,"Feb,May,Aug,Nov","NWRP","","DUS",2012-11-01,2013-02-04
"555",555,"a","a",4740,7,2008,1,37,2009,"Jan,Apr,Jul,Oct","HE","Hesse","FRA",2008-07-01,2009-09-14
"556",556,"d","c",32330,3,2014,0,NA,NA,"","SN","Saxony","DRS",2014-03-01,NA
"557",557,"d","c",1110,NA,NA,1,40,2012,"Jan,Apr,Jul,Oct","SN","Saxony","DRS",NA,2012-10-01
"558",558,"a","a",2090,10,2012,1,40,2014,"Jan,Apr,Jul,Oct","BY","Bavaria","MUC",2012-10-01,2014-10-06
"559",559,"a","a",3510,11,2006,1,5,2013,"Feb,May,Aug,Nov","ST","Saxony-Anhalt","LEJ",2006-11-01,2013-02-04
"560",560,"a","a",1450,7,2014,0,NA,NA,"","BEHBHHNISH","","HAM",2014-07-01,NA
"561",561,"c","c",490,5,2007,1,13,2010,"Jan,Apr,Jul,Oct","BW","Baden-Wurttemberg","STR",2007-05-01,2010-03-29
"562",562,"a","c",1520,NA,NA,0,NA,NA,"","NWRP","","DUS",NA,NA
"563",563,"d","c",420,6,2014,0,NA,NA,"","SN","Saxony","DRS",2014-06-01,NA
"564",564,"a","a",200,NA,NA,0,NA,NA,"","NWRP","","DUS",NA,NA
"565",565,"a","a",130,NA,NA,1,1,2013,"Jan,Apr,Jul,Oct","BY","Bavaria","MUC",NA,2013-01-07
"566",566,"b","b",860,10,1999,0,NA,NA,"","NWRP","","DUS",1999-10-01,NA
"567",567,"b","b",3640,NA,NA,1,10,2013,"Jan,Apr,Jul,Oct","HE","Hesse","FRA",NA,2013-03-11
"568",568,"a","a",2030,9,2012,1,18,2011,"Feb,May,Aug,Nov","NWRP","","DUS",2012-09-01,2011-05-02
"569",569,"a","a",650,10,2006,0,NA,NA,"","NWRP","","DUS",2006-10-01,NA
"570",570,"a","c",6690,8,2011,0,NA,NA,"","BEHBHHNISH","","HAM",2011-08-01,NA
"571",571,"c","a",440,4,2002,0,NA,NA,"","SN","Saxony","DRS",2002-04-01,NA
"572",572,"d","c",5980,10,2005,0,NA,NA,"","NWRP","","DUS",2005-10-01,NA
"573",573,"a","c",6920,9,2011,0,NA,NA,"","NWRP","","DUS",2011-09-01,NA
"574",574,"a","a",460,3,2014,1,13,2010,"Jan,Apr,Jul,Oct","BW","Baden-Wurttemberg","STR",2014-03-01,2010-03-29
"575",575,"a","c",1060,12,2005,0,NA,NA,"","BEHBHHNISH","","HAM",2005-12-01,NA
"576",576,"d","a",5220,5,2009,0,NA,NA,"","NWRP","","DUS",2009-05-01,NA
"577",577,"d","c",10690,9,2007,1,5,2013,"Jan,Apr,Jul,Oct","BY","Bavaria","MUC",2007-09-01,2013-02-04
"578",578,"a","a",15270,NA,NA,1,10,2014,"Jan,Apr,Jul,Oct","NWRP","","DUS",NA,2014-03-10
"579",579,"a","a",3620,2,2013,0,NA,NA,"","NWRP","","DUS",2013-02-01,NA
"580",580,"c","c",1650,NA,NA,1,14,2011,"Jan,Apr,Jul,Oct","BY","Bavaria","MUC",NA,2011-04-04
"581",581,"d","c",12480,NA,NA,1,1,2013,"Jan,Apr,Jul,Oct","ST","Saxony-Anhalt","LEJ",NA,2013-01-07
"582",582,"d","a",800,NA,NA,1,14,2011,"Mar,Jun,Sept,Dec","BY","Bavaria","MUC",NA,2011-04-04
"583",583,"a","a",9670,NA,NA,0,NA,NA,"","BY","Bavaria","MUC",NA,NA
"584",584,"c","a",240,1,2015,0,NA,NA,"","BEHBHHNISH","","HAM",2015-01-01,NA
"585",585,"a","c",250,1,2005,0,NA,NA,"","BEHBHHNISH","","HAM",2005-01-01,NA
"586",586,"c","a",6930,9,2006,0,NA,NA,"","SN","Saxony","DRS",2006-09-01,NA
"587",587,"a","a",44320,8,2008,0,NA,NA,"","ST","Saxony-Anhalt","LEJ",2008-08-01,NA
"588",588,"a","c",650,7,1990,0,NA,NA,"","NWRP","","DUS",1990-07-01,NA
"589",589,"d","a",330,3,2008,1,1,2012,"Mar,Jun,Sept,Dec","NWRP","","DUS",2008-03-01,2012-01-02
"590",590,"a","c",2890,4,2014,0,NA,NA,"","BEHBHHNISH","","HAM",2014-04-01,NA
"591",591,"a","c",40540,2,2002,0,NA,NA,"","SN","Saxony","DRS",2002-02-01,NA
"592",592,"a","c",2880,NA,NA,0,NA,NA,"","BEHBHHNISH","","HAM",NA,NA
"593",593,"d","a",150,NA,NA,1,45,2009,"Feb,May,Aug,Nov","BY","Bavaria","MUC",NA,2009-11-09
"594",594,"c","a",920,7,2015,0,NA,NA,"","NWRP","","DUS",2015-07-01,NA
"595",595,"a","c",350,NA,NA,1,31,2013,"Feb,May,Aug,Nov","NWRP","","DUS",NA,2013-08-05
"596",596,"d","a",7860,11,2005,1,14,2011,"Jan,Apr,Jul,Oct","NWRP","","DUS",2005-11-01,2011-04-04
"597",597,"a","c",75860,NA,NA,0,NA,NA,"","BEHBHHNISH","","HAM",NA,NA
"598",598,"c","c",490,11,2002,0,NA,NA,"","ST","Saxony-Anhalt","LEJ",2002-11-01,NA
"599",599,"a","c",5460,NA,NA,1,14,2011,"Jan,Apr,Jul,Oct","NWRP","","DUS",NA,2011-04-04
"600",600,"a","a",630,2,2015,1,31,2013,"Feb,May,Aug,Nov","NWRP","","DUS",2015-02-01,2013-08-05
"601",601,"d","a",1070,NA,NA,0,NA,NA,"","BEHBHHNISH","","HAM",NA,NA
"602",602,"d","c",4380,NA,NA,0,NA,NA,"","NWRP","","DUS",NA,NA
"603",603,"a","a",340,10,2000,1,31,2013,"Feb,May,Aug,Nov","NWRP","","DUS",2000-10-01,2013-08-05
"604",604,"d","c",8540,NA,NA,0,NA,NA,"","NWRP","","DUS",NA,NA
"605",605,"a","c",350,NA,NA,0,NA,NA,"","HE","Hesse","FRA",NA,NA
"606",606,"c","a",14810,NA,NA,1,14,2011,"Mar,Jun,Sept,Dec","BBMVTH","","TXL ",NA,2011-04-04
"607",607,"d","a",19700,NA,NA,1,37,2009,"Jan,Apr,Jul,Oct","HE","Hesse","FRA",NA,2009-09-14
"608",608,"a","a",12610,3,2013,1,14,2011,"Jan,Apr,Jul,Oct","BY","Bavaria","MUC",2013-03-01,2011-04-04
"609",609,"d","c",1200,11,2007,0,NA,NA,"","BY","Bavaria","MUC",2007-11-01,NA
"610",610,"d","a",48330,4,2013,0,NA,NA,"","BEHBHHNISH","","HAM",2013-04-01,NA
"611",611,"a","c",30,9,2010,0,NA,NA,"","BEHBHHNISH","","HAM",2010-09-01,NA
"612",612,"a","a",40,8,2015,0,NA,NA,"","HE","Hesse","FRA",2015-08-01,NA
"613",613,"a","c",12430,10,2004,0,NA,NA,"","NWRP","","DUS",2004-10-01,NA
"614",614,"c","a",470,3,2007,1,1,2012,"Jan,Apr,Jul,Oct","BW","Baden-Wurttemberg","STR",2007-03-01,2012-01-02
"615",615,"c","a",900,NA,NA,1,13,2010,"Jan,Apr,Jul,Oct","HE","Hesse","FRA",NA,2010-03-29
"616",616,"d","a",2110,3,2006,0,NA,NA,"","NWRP","","DUS",2006-03-01,NA
"617",617,"a","a",5890,10,2003,1,14,2011,"Feb,May,Aug,Nov","BY","Bavaria","MUC",2003-10-01,2011-04-04
"618",618,"c","c",1200,NA,NA,0,NA,NA,"","BEHBHHNISH","","HAM",NA,NA
"619",619,"a","a",2200,12,2009,1,13,2010,"Jan,Apr,Jul,Oct","BY","Bavaria","MUC",2009-12-01,2010-03-29
"620",620,"d","a",5300,NA,NA,1,45,2009,"Feb,May,Aug,Nov","BY","Bavaria","MUC",NA,2009-11-09
"621",621,"a","a",150,3,2011,1,40,2014,"Jan,Apr,Jul,Oct","BY","Bavaria","MUC",2011-03-01,2014-10-06
"622",622,"d","c",310,NA,NA,1,40,2011,"Jan,Apr,Jul,Oct","NWRP","","DUS",NA,2011-10-03
"623",623,"d","c",3460,10,2013,1,10,2014,"Jan,Apr,Jul,Oct","SN","Saxony","DRS",2013-10-01,2014-03-10
"624",624,"a","a",6420,4,2011,1,1,2012,"Jan,Apr,Jul,Oct","NWRP","","DUS",2011-04-01,2012-01-02
"625",625,"a","a",180,3,2014,0,NA,NA,"","BEHBHHNISH","","HAM",2014-03-01,NA
"626",626,"c","c",5030,8,2011,0,NA,NA,"","BEHBHHNISH","","HAM",2011-08-01,NA
"627",627,"a","c",30360,9,2013,0,NA,NA,"","BEHBHHNISH","","HAM",2013-09-01,NA
"628",628,"d","a",190,9,2012,1,40,2012,"Feb,May,Aug,Nov","NWRP","","DUS",2012-09-01,2012-10-01
"629",629,"c","c",710,9,2005,0,NA,NA,"","BEHBHHNISH","","HAM",2005-09-01,NA
"630",630,"a","c",2030,8,2000,0,NA,NA,"","NWRP","","DUS",2000-08-01,NA
"631",631,"d","a",17080,7,2012,1,31,2013,"Jan,Apr,Jul,Oct","BY","Bavaria","MUC",2012-07-01,2013-08-05
"632",632,"a","c",3300,11,2010,0,NA,NA,"","BEHBHHNISH","","HAM",2010-11-01,NA
"633",633,"a","a",660,1,2007,0,NA,NA,"","NWRP","","DUS",2007-01-01,NA
"634",634,"a","a",7780,11,2006,0,NA,NA,"","NWRP","","DUS",2006-11-01,NA
"635",635,"d","a",4370,NA,NA,0,NA,NA,"","NWRP","","DUS",NA,NA
"636",636,"c","a",720,10,2004,1,13,2010,"Jan,Apr,Jul,Oct","BY","Bavaria","MUC",2004-10-01,2010-03-29
"637",637,"d","c",4040,8,2008,1,18,2013,"Mar,Jun,Sept,Dec","NWRP","","DUS",2008-08-01,2013-05-06
"638",638,"d","c",70,11,2010,1,5,2013,"Feb,May,Aug,Nov","HE","Hesse","FRA",2010-11-01,2013-02-04
"639",639,"d","c",8990,11,2009,1,35,2010,"Mar,Jun,Sept,Dec","BY","Bavaria","MUC",2009-11-01,2010-08-30
"640",640,"a","c",1070,NA,NA,1,13,2010,"Jan,Apr,Jul,Oct","BEHBHHNISH","","HAM",NA,2010-03-29
"641",641,"a","c",760,9,2014,0,NA,NA,"","BY","Bavaria","MUC",2014-09-01,NA
"642",642,"a","c",30030,11,2010,0,NA,NA,"","BEHBHHNISH","","HAM",2010-11-01,NA
"643",643,"a","a",4870,9,2007,1,45,2009,"Jan,Apr,Jul,Oct","BY","Bavaria","MUC",2007-09-01,2009-11-09
"644",644,"c","a",3380,4,2013,0,NA,NA,"","BEHBHHNISH","","HAM",2013-04-01,NA
"645",645,"d","c",7930,NA,NA,1,1,2013,"Jan,Apr,Jul,Oct","BW","Baden-Wurttemberg","STR",NA,2013-01-07
"646",646,"a","a",350,12,2012,0,NA,NA,"","BEHBHHNISH","","HAM",2012-12-01,NA
"647",647,"a","a",17500,8,2008,1,37,2009,"Mar,Jun,Sept,Dec","NWRP","","DUS",2008-08-01,2009-09-14
"648",648,"c","a",290,9,2006,0,NA,NA,"","BEHBHHNISH","","HAM",2006-09-01,NA
"649",649,"a","a",3450,9,2011,0,NA,NA,"","NWRP","","DUS",2011-09-01,NA
"650",650,"d","c",1140,11,2014,0,NA,NA,"","BEHBHHNISH","","HAM",2014-11-01,NA
"651",651,"d","c",6360,NA,NA,1,40,2012,"Mar,Jun,Sept,Dec","BEHBHHNISH","","HAM",NA,2012-10-01
"652",652,"a","a",970,3,2013,1,31,2013,"Feb,May,Aug,Nov","NWRP","","DUS",2013-03-01,2013-08-05
"653",653,"a","a",1710,7,2015,0,NA,NA,"","BEHBHHNISH","","HAM",2015-07-01,NA
"654",654,"a","c",3720,2,2010,0,NA,NA,"","BEHBHHNISH","","HAM",2010-02-01,NA
"655",655,"d","c",6970,9,2011,0,NA,NA,"","BEHBHHNISH","","HAM",2011-09-01,NA
"656",656,"a","a",1600,6,2006,1,45,2009,"Feb,May,Aug,Nov","BY","Bavaria","MUC",2006-06-01,2009-11-09
"657",657,"a","a",1590,3,2006,0,NA,NA,"","ST","Saxony-Anhalt","LEJ",2006-03-01,NA
"658",658,"a","a",2330,10,2014,1,18,2011,"Feb,May,Aug,Nov","NWRP","","DUS",2014-10-01,2011-05-02
"659",659,"d","a",4880,NA,NA,1,37,2009,"Jan,Apr,Jul,Oct","NWRP","","DUS",NA,2009-09-14
"660",660,"d","c",2190,9,2003,0,NA,NA,"","BY","Bavaria","MUC",2003-09-01,NA
"661",661,"a","a",150,9,2008,1,1,2012,"Mar,Jun,Sept,Dec","NWRP","","DUS",2008-09-01,2012-01-02
"662",662,"a","c",13080,NA,NA,0,NA,NA,"","BEHBHHNISH","","HAM",NA,NA
"663",663,"a","c",35280,NA,NA,0,NA,NA,"","BEHBHHNISH","","HAM",NA,NA
"664",664,"d","c",2740,7,2014,1,13,2010,"Jan,Apr,Jul,Oct","BY","Bavaria","MUC",2014-07-01,2010-03-29
"665",665,"a","a",2060,9,2009,0,NA,NA,"","BEHBHHNISH","","HAM",2009-09-01,NA
"666",666,"a","a",190,7,2014,0,NA,NA,"","HE","Hesse","FRA",2014-07-01,NA
"667",667,"a","c",16210,11,2010,0,NA,NA,"","BEHBHHNISH","","HAM",2010-11-01,NA
"668",668,"a","c",1590,NA,NA,1,37,2009,"Jan,Apr,Jul,Oct","HE","Hesse","FRA",NA,2009-09-14
"669",669,"a","c",38710,4,2013,0,NA,NA,"","BEHBHHNISH","","HAM",2013-04-01,NA
"670",670,"d","c",50,6,2015,0,NA,NA,"","HE","Hesse","FRA",2015-06-01,NA
"671",671,"d","a",7830,9,2014,1,10,2014,"Mar,Jun,Sept,Dec","BY","Bavaria","MUC",2014-09-01,2014-03-10
"672",672,"d","c",6890,NA,NA,1,48,2011,"Mar,Jun,Sept,Dec","BBMVTH","","TXL ",NA,2011-11-28
"673",673,"a","c",1600,4,2009,0,NA,NA,"","BEHBHHNISH","","HAM",2009-04-01,NA
"674",674,"a","a",1640,6,2006,1,40,2011,"Jan,Apr,Jul,Oct","BY","Bavaria","MUC",2006-06-01,2011-10-03
"675",675,"d","c",16420,NA,NA,0,NA,NA,"","HE","Hesse","FRA",NA,NA
"676",676,"d","a",310,NA,NA,1,45,2009,"Feb,May,Aug,Nov","BY","Bavaria","MUC",NA,2009-11-09
"677",677,"d","c",9910,12,2010,1,9,2011,"Mar,Jun,Sept,Dec","NWRP","","DUS",2010-12-01,2011-02-28
"678",678,"a","a",310,NA,NA,1,5,2013,"Feb,May,Aug,Nov","BY","Bavaria","MUC",NA,2013-02-04
"679",679,"a","a",140,3,2006,0,NA,NA,"","BEHBHHNISH","","HAM",2006-03-01,NA
"680",680,"d","a",1450,3,2012,1,14,2011,"Jan,Apr,Jul,Oct","BY","Bavaria","MUC",2012-03-01,2011-04-04
"681",681,"a","c",1280,NA,NA,1,40,2011,"Jan,Apr,Jul,Oct","NWRP","","DUS",NA,2011-10-03
"682",682,"a","c",4510,3,2015,0,NA,NA,"","BEHBHHNISH","","HAM",2015-03-01,NA
"683",683,"a","a",340,6,2003,1,40,2014,"Jan,Apr,Jul,Oct","BY","Bavaria","MUC",2003-06-01,2014-10-06
"684",684,"a","a",2640,NA,NA,0,NA,NA,"","NWRP","","DUS",NA,NA
"685",685,"a","c",20390,4,2008,0,NA,NA,"","NWRP","","DUS",2008-04-01,NA
"686",686,"c","c",550,NA,NA,1,35,2010,"Mar,Jun,Sept,Dec","NWRP","","DUS",NA,2010-08-30
"687",687,"d","a",1500,9,2008,1,14,2011,"Jan,Apr,Jul,Oct","BY","Bavaria","MUC",2008-09-01,2011-04-04
"688",688,"c","a",1190,NA,NA,0,NA,NA,"","SN","Saxony","DRS",NA,NA
"689",689,"d","a",8530,3,2013,0,NA,NA,"","BY","Bavaria","MUC",2013-03-01,NA
"690",690,"c","a",1080,12,2012,0,NA,NA,"","HE","Hesse","FRA",2012-12-01,NA
"691",691,"d","a",2710,7,2006,0,NA,NA,"","NWRP","","DUS",2006-07-01,NA
"692",692,"a","c",2270,11,2005,1,14,2011,"Jan,Apr,Jul,Oct","BBMVTH","","TXL ",2005-11-01,2011-04-04
"693",693,"a","a",12770,10,2000,0,NA,NA,"","NWRP","","DUS",2000-10-01,NA
"694",694,"c","c",5390,8,2003,1,1,2012,"Jan,Apr,Jul,Oct","NWRP","","DUS",2003-08-01,2012-01-02
"695",695,"a","c",680,7,2005,0,NA,NA,"","HE","Hesse","FRA",2005-07-01,NA
"696",696,"a","a",540,6,2011,0,NA,NA,"","BEHBHHNISH","","HAM",2011-06-01,NA
"697",697,"d","a",2590,NA,NA,1,13,2010,"Jan,Apr,Jul,Oct","SN","Saxony","DRS",NA,2010-03-29
"698",698,"d","c",5150,3,2011,1,13,2010,"Jan,Apr,Jul,Oct","NWRP","","DUS",2011-03-01,2010-03-29
"699",699,"d","c",780,NA,NA,0,NA,NA,"","NWRP","","DUS",NA,NA
"700",700,"b","b",590,NA,NA,1,5,2013,"Mar,Jun,Sept,Dec","BY","Bavaria","MUC",NA,2013-02-04
"701",701,"d","a",14300,NA,NA,0,NA,NA,"","NWRP","","DUS",NA,NA
"702",702,"d","c",8250,10,2004,1,10,2013,"Mar,Jun,Sept,Dec","BW","Baden-Wurttemberg","STR",2004-10-01,2013-03-11
"703",703,"d","c",8110,NA,NA,0,NA,NA,"","BW","Baden-Wurttemberg","STR",NA,NA
"704",704,"c","c",3890,11,2006,1,5,2013,"Feb,May,Aug,Nov","ST","Saxony-Anhalt","LEJ",2006-11-01,2013-02-04
"705",705,"d","a",11640,4,2005,1,22,2011,"Jan,Apr,Jul,Oct","BY","Bavaria","MUC",2005-04-01,2011-05-30
"706",706,"c","c",4840,NA,NA,0,NA,NA,"","BEHBHHNISH","","HAM",NA,NA
"707",707,"a","c",8860,4,2004,1,37,2009,"Jan,Apr,Jul,Oct","NWRP","","DUS",2004-04-01,2009-09-14
"708",708,"d","c",13170,8,2014,1,9,2011,"Mar,Jun,Sept,Dec","HE","Hesse","FRA",2014-08-01,2011-02-28
"709",709,"c","a",3740,2,2002,1,14,2011,"Jan,Apr,Jul,Oct","SN","Saxony","DRS",2002-02-01,2011-04-04
"710",710,"a","a",690,6,2007,1,14,2011,"Jan,Apr,Jul,Oct","BBMVTH","","TXL ",2007-06-01,2011-04-04
"711",711,"d","c",3580,9,2012,0,NA,NA,"","BEHBHHNISH","","HAM",2012-09-01,NA
"712",712,"d","a",10310,4,2003,1,37,2009,"Jan,Apr,Jul,Oct","BW","Baden-Wurttemberg","STR",2003-04-01,2009-09-14
"713",713,"a","a",2960,10,2014,1,36,2013,"Mar,Jun,Sept,Dec","SN","Saxony","DRS",2014-10-01,2013-09-09
"714",714,"d","c",13080,9,2006,1,14,2011,"Jan,Apr,Jul,Oct","ST","Saxony-Anhalt","LEJ",2006-09-01,2011-04-04
"715",715,"c","c",740,NA,NA,1,14,2013,"Mar,Jun,Sept,Dec","NWRP","","DUS",NA,2013-04-08
"716",716,"a","c",8480,NA,NA,0,NA,NA,"","NWRP","","DUS",NA,NA
"717",717,"a","c",250,NA,NA,0,NA,NA,"","NWRP","","DUS",NA,NA
"718",718,"d","c",330,NA,NA,1,28,2012,"Jan,Apr,Jul,Oct","NWRP","","DUS",NA,2012-07-09
"719",719,"a","c",410,11,2010,1,48,2010,"Mar,Jun,Sept,Dec","BEHBHHNISH","","HAM",2010-11-01,2010-11-29
"720",720,"a","a",2710,NA,NA,0,NA,NA,"","NWRP","","DUS",NA,NA
"721",721,"a","c",490,9,2012,1,18,2011,"Feb,May,Aug,Nov","NWRP","","DUS",2012-09-01,2011-05-02
"722",722,"a","a",700,3,2015,1,10,2014,"Jan,Apr,Jul,Oct","NWRP","","DUS",2015-03-01,2014-03-10
"723",723,"a","c",9770,7,2003,0,NA,NA,"","BW","Baden-Wurttemberg","STR",2003-07-01,NA
"724",724,"a","a",17570,NA,NA,0,NA,NA,"","BEHBHHNISH","","HAM",NA,NA
"725",725,"d","c",10620,NA,NA,0,NA,NA,"","HE","Hesse","FRA",NA,NA
"726",726,"d","c",6330,6,2004,1,39,2010,"Jan,Apr,Jul,Oct","BY","Bavaria","MUC",2004-06-01,2010-09-27
"727",727,"d","c",3230,11,2011,0,NA,NA,"","BEHBHHNISH","","HAM",2011-11-01,NA
"728",728,"d","c",3760,2,2009,0,NA,NA,"","HE","Hesse","FRA",2009-02-01,NA
"729",729,"a","c",7980,6,2005,0,NA,NA,"","NWRP","","DUS",2005-06-01,NA
"730",730,"a","a",2020,2,2011,1,14,2011,"Mar,Jun,Sept,Dec","BBMVTH","","TXL ",2011-02-01,2011-04-04
"731",731,"a","c",1620,9,2006,0,NA,NA,"","BY","Bavaria","MUC",2006-09-01,NA
"732",732,"d","a",1360,NA,NA,1,35,2010,"Mar,Jun,Sept,Dec","HE","Hesse","FRA",NA,2010-08-30
"733",733,"a","a",4580,NA,NA,1,14,2015,"Jan,Apr,Jul,Oct","NWRP","","DUS",NA,2015-04-06
"734",734,"a","c",380,NA,NA,1,14,2012,"Jan,Apr,Jul,Oct","NWRP","","DUS",NA,2012-04-02
"735",735,"d","c",2620,11,2002,0,NA,NA,"","ST","Saxony-Anhalt","LEJ",2002-11-01,NA
"736",736,"a","a",110,11,2012,1,31,2013,"Feb,May,Aug,Nov","NWRP","","DUS",2012-11-01,2013-08-05
"737",737,"d","a",10950,3,2014,0,NA,NA,"","BY","Bavaria","MUC",2014-03-01,NA
"738",738,"a","a",720,11,2004,0,NA,NA,"","SN","Saxony","DRS",2004-11-01,NA
"739",739,"d","c",9360,7,2013,1,22,2012,"Mar,Jun,Sept,Dec","BW","Baden-Wurttemberg","STR",2013-07-01,2012-05-28
"740",740,"d","a",2530,NA,NA,0,NA,NA,"","NWRP","","DUS",NA,NA
"741",741,"a","c",2700,NA,NA,0,NA,NA,"","NWRP","","DUS",NA,NA
"742",742,"a","a",680,4,2013,0,NA,NA,"","BEHBHHNISH","","HAM",2013-04-01,NA
"743",743,"a","a",15430,11,2012,1,18,2011,"Feb,May,Aug,Nov","NWRP","","DUS",2012-11-01,2011-05-02
"744",744,"d","c",9070,12,2003,0,NA,NA,"","HE","Hesse","FRA",2003-12-01,NA
"745",745,"d","c",1280,NA,NA,1,10,2013,"Mar,Jun,Sept,Dec","BW","Baden-Wurttemberg","STR",NA,2013-03-11
"746",746,"a","c",100,6,2010,1,18,2010,"Feb,May,Aug,Nov","BEHBHHNISH","","HAM",2010-06-01,2010-05-03
"747",747,"a","c",2230,5,2009,1,40,2014,"Jan,Apr,Jul,Oct","BY","Bavaria","MUC",2009-05-01,2014-10-06
"748",748,"a","a",2410,NA,NA,0,NA,NA,"","HE","Hesse","FRA",NA,NA
"749",749,"a","c",3040,8,2011,1,35,2010,"Mar,Jun,Sept,Dec","NWRP","","DUS",2011-08-01,2010-08-30
"750",750,"a","a",820,3,2012,1,35,2012,"Mar,Jun,Sept,Dec","BEHBHHNISH","","HAM",2012-03-01,2012-08-27
"751",751,"d","c",1250,NA,NA,1,40,2011,"Jan,Apr,Jul,Oct","NWRP","","DUS",NA,2011-10-03
"752",752,"c","c",26130,11,2002,0,NA,NA,"","ST","Saxony-Anhalt","LEJ",2002-11-01,NA
"753",753,"c","a",5780,11,1994,1,10,2014,"Mar,Jun,Sept,Dec","BW","Baden-Wurttemberg","STR",1994-11-01,2014-03-10
"754",754,"c","c",4630,3,2011,1,35,2011,"Feb,May,Aug,Nov","NWRP","","DUS",2011-03-01,2011-08-29
"755",755,"c","a",500,NA,NA,1,45,2009,"Feb,May,Aug,Nov","BW","Baden-Wurttemberg","STR",NA,2009-11-09
"756",756,"a","a",780,4,2009,0,NA,NA,"","BEHBHHNISH","","HAM",2009-04-01,NA
"757",757,"a","a",1420,11,2007,0,NA,NA,"","BEHBHHNISH","","HAM",2007-11-01,NA
"758",758,"d","c",13130,12,2003,0,NA,NA,"","BBMVTH","","TXL ",2003-12-01,NA
"759",759,"d","c",17540,6,2012,0,NA,NA,"","BEHBHHNISH","","HAM",2012-06-01,NA
"760",760,"a","a",3570,11,2009,1,36,2013,"Mar,Jun,Sept,Dec","SN","Saxony","DRS",2009-11-01,2013-09-09
"761",761,"d","a",7660,NA,NA,1,37,2009,"Jan,Apr,Jul,Oct","BW","Baden-Wurttemberg","STR",NA,2009-09-14
"762",762,"a","c",1710,NA,NA,1,44,2012,"Jan,Apr,Jul,Oct","NWRP","","DUS",NA,2012-10-29
"763",763,"a","c",13840,5,2010,1,1,2012,"Jan,Apr,Jul,Oct","ST","Saxony-Anhalt","LEJ",2010-05-01,2012-01-02
"764",764,"c","c",820,NA,NA,0,NA,NA,"","BEHBHHNISH","","HAM",NA,NA
"765",765,"c","a",1270,9,2010,0,NA,NA,"","BEHBHHNISH","","HAM",2010-09-01,NA
"766",766,"d","a",10170,11,2001,0,NA,NA,"","BY","Bavaria","MUC",2001-11-01,NA
"767",767,"a","a",1730,7,2015,1,40,2014,"Jan,Apr,Jul,Oct","BY","Bavaria","MUC",2015-07-01,2014-10-06
"768",768,"a","c",2840,6,2007,1,14,2011,"Jan,Apr,Jul,Oct","BBMVTH","","TXL ",2007-06-01,2011-04-04
"769",769,"a","a",1040,NA,NA,1,22,2012,"Jan,Apr,Jul,Oct","BY","Bavaria","MUC",NA,2012-05-28
"770",770,"a","c",4650,6,2014,0,NA,NA,"","BEHBHHNISH","","HAM",2014-06-01,NA
"771",771,"d","a",510,NA,NA,1,35,2010,"Mar,Jun,Sept,Dec","NWRP","","DUS",NA,2010-08-30
"772",772,"a","c",350,3,2011,1,22,2011,"Feb,May,Aug,Nov","NWRP","","DUS",2011-03-01,2011-05-30
"773",773,"d","a",10070,5,2015,1,31,2013,"Feb,May,Aug,Nov","NWRP","","DUS",2015-05-01,2013-08-05
"774",774,"c","a",2740,5,2009,1,40,2014,"Jan,Apr,Jul,Oct","BY","Bavaria","MUC",2009-05-01,2014-10-06
"775",775,"a","a",5630,12,2002,1,40,2014,"Jan,Apr,Jul,Oct","BY","Bavaria","MUC",2002-12-01,2014-10-06
"776",776,"a","c",90,NA,NA,1,1,2013,"Jan,Apr,Jul,Oct","NWRP","","DUS",NA,2013-01-07
"777",777,"a","a",2300,9,2010,0,NA,NA,"","BW","Baden-Wurttemberg","STR",2010-09-01,NA
"778",778,"a","a",90,11,2012,0,NA,NA,"","NWRP","","DUS",2012-11-01,NA
"779",779,"a","a",1070,5,2015,1,14,2011,"Jan,Apr,Jul,Oct","NWRP","","DUS",2015-05-01,2011-04-04
"780",780,"a","a",560,1,2011,0,NA,NA,"","BEHBHHNISH","","HAM",2011-01-01,NA
"781",781,"c","a",3040,9,2002,1,13,2010,"Jan,Apr,Jul,Oct","BW","Baden-Wurttemberg","STR",2002-09-01,2010-03-29
"782",782,"a","a",450,NA,NA,0,NA,NA,"","HE","Hesse","FRA",NA,NA
"783",783,"a","c",8940,NA,NA,1,9,2011,"Jan,Apr,Jul,Oct","SN","Saxony","DRS",NA,2011-02-28
"784",784,"a","a",1200,12,2011,1,31,2013,"Jan,Apr,Jul,Oct","BY","Bavaria","MUC",2011-12-01,2013-08-05
"785",785,"a","c",1650,NA,NA,1,40,2014,"Jan,Apr,Jul,Oct","BY","Bavaria","MUC",NA,2014-10-06
"786",786,"d","c",5840,7,2010,1,37,2009,"Jan,Apr,Jul,Oct","HE","Hesse","FRA",2010-07-01,2009-09-14
"787",787,"a","a",100,5,2007,1,31,2013,"Jan,Apr,Jul,Oct","NWRP","","DUS",2007-05-01,2013-08-05
"788",788,"a","c",3860,9,2014,1,23,2015,"Mar,Jun,Sept,Dec","NWRP","","DUS",2014-09-01,2015-06-08
"789",789,"d","a",9680,NA,NA,1,5,2013,"Feb,May,Aug,Nov","HE","Hesse","FRA",NA,2013-02-04
"790",790,"d","c",4030,3,2014,1,1,2014,"Jan,Apr,Jul,Oct","NWRP","","DUS",2014-03-01,2014-01-06
"791",791,"c","a",250,6,2007,1,14,2011,"Jan,Apr,Jul,Oct","BBMVTH","","TXL ",2007-06-01,2011-04-04
"792",792,"a","a",4520,2,2014,0,NA,NA,"","BEHBHHNISH","","HAM",2014-02-01,NA
"793",793,"a","a",1350,9,2009,0,NA,NA,"","BEHBHHNISH","","HAM",2009-09-01,NA
"794",794,"a","a",540,4,2004,0,NA,NA,"","SN","Saxony","DRS",2004-04-01,NA
"795",795,"d","a",5800,9,2010,0,NA,NA,"","BEHBHHNISH","","HAM",2010-09-01,NA
"796",796,"d","c",840,NA,NA,1,1,2013,"Jan,Apr,Jul,Oct","HE","Hesse","FRA",NA,2013-01-07
"797",797,"d","a",11300,3,2012,0,NA,NA,"","HE","Hesse","FRA",2012-03-01,NA
"798",798,"a","a",4030,2,2013,1,10,2014,"Jan,Apr,Jul,Oct","NWRP","","DUS",2013-02-01,2014-03-10
"799",799,"a","a",1950,7,2015,0,NA,NA,"","BEHBHHNISH","","HAM",2015-07-01,NA
"800",800,"d","c",670,NA,NA,1,40,2011,"Jan,Apr,Jul,Oct","BW","Baden-Wurttemberg","STR",NA,2011-10-03
"801",801,"c","c",2700,NA,NA,1,9,2011,"Mar,Jun,Sept,Dec","BW","Baden-Wurttemberg","STR",NA,2011-02-28
"802",802,"c","c",1540,NA,NA,1,1,2012,"Jan,Apr,Jul,Oct","BEHBHHNISH","","HAM",NA,2012-01-02
"803",803,"a","a",2050,3,2007,0,NA,NA,"","HE","Hesse","FRA",2007-03-01,NA
"804",804,"a","c",1480,9,2011,1,1,2012,"Jan,Apr,Jul,Oct","BEHBHHNISH","","HAM",2011-09-01,2012-01-02
"805",805,"d","c",1390,NA,NA,1,9,2011,"Mar,Jun,Sept,Dec","HE","Hesse","FRA",NA,2011-02-28
"806",806,"a","a",170,7,2013,1,27,2013,"Jan,Apr,Jul,Oct","NWRP","","DUS",2013-07-01,2013-07-08
"807",807,"d","a",5190,NA,NA,1,1,2013,"Jan,Apr,Jul,Oct","HE","Hesse","FRA",NA,2013-01-07
"808",808,"a","c",150,NA,NA,0,NA,NA,"","NWRP","","DUS",NA,NA
"809",809,"a","a",27150,NA,NA,0,NA,NA,"","SN","Saxony","DRS",NA,NA
"810",810,"a","a",13020,8,2003,1,40,2014,"Jan,Apr,Jul,Oct","BY","Bavaria","MUC",2003-08-01,2014-10-06
"811",811,"d","c",6210,NA,NA,1,1,2013,"Jan,Apr,Jul,Oct","HE","Hesse","FRA",NA,2013-01-07
"812",812,"a","a",190,9,2011,0,NA,NA,"","NWRP","","DUS",2011-09-01,NA
"813",813,"d","a",450,NA,NA,1,40,2011,"Jan,Apr,Jul,Oct","HE","Hesse","FRA",NA,2011-10-03
"814",814,"b","b",840,NA,NA,1,48,2012,"Jan,Apr,Jul,Oct","NWRP","","DUS",NA,2012-11-26
"815",815,"a","c",60,6,2015,0,NA,NA,"","NWRP","","DUS",2015-06-01,NA
"816",816,"a","c",4150,NA,NA,0,NA,NA,"","BW","Baden-Wurttemberg","STR",NA,NA
"817",817,"d","c",250,NA,NA,1,27,2012,"Jan,Apr,Jul,Oct","BY","Bavaria","MUC",NA,2012-07-02
"818",818,"a","c",18710,4,2015,0,NA,NA,"","SN","Saxony","DRS",2015-04-01,NA
"819",819,"a","a",18620,NA,NA,1,31,2009,"Feb,May,Aug,Nov","SN","Saxony","DRS",NA,2009-08-03
"820",820,"d","c",5140,5,2010,0,NA,NA,"","HE","Hesse","FRA",2010-05-01,NA
"821",821,"c","c",1130,6,2015,0,NA,NA,"","BEHBHHNISH","","HAM",2015-06-01,NA
"822",822,"c","c",8190,NA,NA,1,45,2009,"Feb,May,Aug,Nov","BY","Bavaria","MUC",NA,2009-11-09
"823",823,"c","a",210,NA,NA,1,36,2013,"Mar,Jun,Sept,Dec","NWRP","","DUS",NA,2013-09-09
"824",824,"a","c",370,NA,NA,1,22,2012,"Mar,Jun,Sept,Dec","NWRP","","DUS",NA,2012-05-28
"825",825,"a","c",200,4,2013,1,14,2013,"Jan,Apr,Jul,Oct","BEHBHHNISH","","HAM",2013-04-01,2013-04-08
"826",826,"a","a",160,8,2012,0,NA,NA,"","BEHBHHNISH","","HAM",2012-08-01,NA
"827",827,"a","c",2100,2,2010,0,NA,NA,"","BEHBHHNISH","","HAM",2010-02-01,NA
"828",828,"d","a",2610,7,2006,1,14,2011,"Jan,Apr,Jul,Oct","BY","Bavaria","MUC",2006-07-01,2011-04-04
"829",829,"a","a",3470,3,2012,0,NA,NA,"","BEHBHHNISH","","HAM",2012-03-01,NA
"830",830,"c","a",2550,10,2005,0,NA,NA,"","ST","Saxony-Anhalt","LEJ",2005-10-01,NA
"831",831,"d","c",8970,12,2007,1,22,2012,"Feb,May,Aug,Nov","BW","Baden-Wurttemberg","STR",2007-12-01,2012-05-28
"832",832,"d","c",9640,11,2013,0,NA,NA,"","NWRP","","DUS",2013-11-01,NA
"833",833,"a","a",2390,9,2012,0,NA,NA,"","BEHBHHNISH","","HAM",2012-09-01,NA
"834",834,"a","a",26450,NA,NA,0,NA,NA,"","ST","Saxony-Anhalt","LEJ",NA,NA
"835",835,"d","a",17280,10,2009,1,18,2011,"Feb,May,Aug,Nov","NWRP","","DUS",2009-10-01,2011-05-02
"836",836,"d","c",4110,3,2010,1,14,2011,"Jan,Apr,Jul,Oct","BEHBHHNISH","","HAM",2010-03-01,2011-04-04
"837",837,"d","c",7890,NA,NA,1,37,2009,"Jan,Apr,Jul,Oct","HE","Hesse","FRA",NA,2009-09-14
"838",838,"c","a",3490,4,2011,1,22,2012,"Jan,Apr,Jul,Oct","BY","Bavaria","MUC",2011-04-01,2012-05-28
"839",839,"c","c",550,10,1999,1,45,2009,"Jan,Apr,Jul,Oct","BW","Baden-Wurttemberg","STR",1999-10-01,2009-11-09
"840",840,"d","c",9560,NA,NA,1,36,2013,"Jan,Apr,Jul,Oct","NWRP","","DUS",NA,2013-09-09
"841",841,"a","c",350,11,2006,0,NA,NA,"","BEHBHHNISH","","HAM",2006-11-01,NA
"842",842,"c","a",4770,NA,NA,1,13,2010,"Jan,Apr,Jul,Oct","SN","Saxony","DRS",NA,2010-03-29
"843",843,"d","a",20260,NA,NA,1,18,2014,"Mar,Jun,Sept,Dec","NWRP","","DUS",NA,2014-05-05
"844",844,"a","a",1690,4,2015,0,NA,NA,"","BBMVTH","","TXL ",2015-04-01,NA
"845",845,"a","c",7420,4,2013,0,NA,NA,"","BEHBHHNISH","","HAM",2013-04-01,NA
"846",846,"c","a",4210,3,2015,0,NA,NA,"","BEHBHHNISH","","HAM",2015-03-01,NA
"847",847,"d","c",6620,3,2012,1,10,2014,"Mar,Jun,Sept,Dec","HE","Hesse","FRA",2012-03-01,2014-03-10
"848",848,"a","a",500,12,2010,0,NA,NA,"","BEHBHHNISH","","HAM",2010-12-01,NA
"849",849,"c","c",8140,11,2013,1,10,2014,"Mar,Jun,Sept,Dec","SN","Saxony","DRS",2013-11-01,2014-03-10
"850",850,"d","c",10600,7,2005,1,45,2014,"Feb,May,Aug,Nov","HE","Hesse","FRA",2005-07-01,2014-11-10
"851",851,"a","a",18660,9,2002,0,NA,NA,"","BBMVTH","","TXL ",2002-09-01,NA
"852",852,"d","c",9800,7,2012,0,NA,NA,"","BEHBHHNISH","","HAM",2012-07-01,NA
"853",853,"d","c",4330,2,2011,1,35,2011,"Mar,Jun,Sept,Dec","HE","Hesse","FRA",2011-02-01,2011-08-29
"854",854,"d","c",29070,4,2005,0,NA,NA,"","ST","Saxony-Anhalt","LEJ",2005-04-01,NA
"855",855,"a","a",40,8,2001,0,NA,NA,"","NWRP","","DUS",2001-08-01,NA
"856",856,"d","c",6540,NA,NA,1,14,2013,"Jan,Apr,Jul,Oct","NWRP","","DUS",NA,2013-04-08
"857",857,"d","c",1690,7,2009,1,36,2013,"Mar,Jun,Sept,Dec","NWRP","","DUS",2009-07-01,2013-09-09
"858",858,"d","a",300,5,2014,1,40,2014,"Jan,Apr,Jul,Oct","BY","Bavaria","MUC",2014-05-01,2014-10-06
"859",859,"a","a",5950,4,2007,0,NA,NA,"","NWRP","","DUS",2007-04-01,NA
"860",860,"d","c",5540,10,2009,0,NA,NA,"","SN","Saxony","DRS",2009-10-01,NA
"861",861,"a","c",9720,8,2013,0,NA,NA,"","BEHBHHNISH","","HAM",2013-08-01,NA
"862",862,"d","a",NA,NA,NA,0,NA,NA,"","SN","Saxony","DRS",NA,NA
"863",863,"d","c",1920,4,2005,0,NA,NA,"","ST","Saxony-Anhalt","LEJ",2005-04-01,NA
"864",864,"d","a",2300,NA,NA,0,NA,NA,"","BBMVTH","","TXL ",NA,NA
"865",865,"d","a",6260,11,2009,0,NA,NA,"","NWRP","","DUS",2009-11-01,NA
"866",866,"a","a",310,12,2013,0,NA,NA,"","SN","Saxony","DRS",2013-12-01,NA
"867",867,"a","a",36410,4,2008,0,NA,NA,"","ST","Saxony-Anhalt","LEJ",2008-04-01,NA
"868",868,"a","c",50,NA,NA,0,NA,NA,"","NWRP","","DUS",NA,NA
"869",869,"d","c",5210,5,2015,0,NA,NA,"","BEHBHHNISH","","HAM",2015-05-01,NA
"870",870,"a","a",1100,6,2015,0,NA,NA,"","HE","Hesse","FRA",2015-06-01,NA
"871",871,"d","c",6910,4,2005,0,NA,NA,"","NWRP","","DUS",2005-04-01,NA
"872",872,"c","c",2470,2,2005,1,31,2013,"Mar,Jun,Sept,Dec","HE","Hesse","FRA",2005-02-01,2013-08-05
"873",873,"d","c",1450,4,2005,1,45,2009,"Feb,May,Aug,Nov","BW","Baden-Wurttemberg","STR",2005-04-01,2009-11-09
"874",874,"a","a",6480,NA,NA,0,NA,NA,"","NWRP","","DUS",NA,NA
"875",875,"d","a",6560,12,2013,0,NA,NA,"","SN","Saxony","DRS",2013-12-01,NA
"876",876,"a","a",4970,7,2015,0,NA,NA,"","NWRP","","DUS",2015-07-01,NA
"877",877,"c","c",380,5,2008,1,10,2014,"Mar,Jun,Sept,Dec","BBMVTH","","TXL ",2008-05-01,2014-03-10
"878",878,"a","a",910,NA,NA,0,NA,NA,"","NWRP","","DUS",NA,NA
"879",879,"a","a",190,NA,NA,1,13,2010,"Jan,Apr,Jul,Oct","HE","Hesse","FRA",NA,2010-03-29
"880",880,"a","a",2320,NA,NA,1,31,2013,"Jan,Apr,Jul,Oct","NWRP","","DUS",NA,2013-08-05
"881",881,"a","c",14300,3,2011,0,NA,NA,"","BEHBHHNISH","","HAM",2011-03-01,NA
"882",882,"d","c",450,4,2014,1,39,2010,"Jan,Apr,Jul,Oct","BY","Bavaria","MUC",2014-04-01,2010-09-27
"883",883,"a","c",2840,3,2010,1,14,2011,"Jan,Apr,Jul,Oct","BEHBHHNISH","","HAM",2010-03-01,2011-04-04
"884",884,"d","c",540,11,2012,1,35,2010,"Mar,Jun,Sept,Dec","NWRP","","DUS",2012-11-01,2010-08-30
"885",885,"a","c",830,NA,NA,1,27,2013,"Jan,Apr,Jul,Oct","HE","Hesse","FRA",NA,2013-07-08
"886",886,"a","c",2630,9,2012,0,NA,NA,"","BEHBHHNISH","","HAM",2012-09-01,NA
"887",887,"d","a",3200,1,2008,1,22,2011,"Jan,Apr,Jul,Oct","BY","Bavaria","MUC",2008-01-01,2011-05-30
"888",888,"a","a",480,NA,NA,0,NA,NA,"","NWRP","","DUS",NA,NA
"889",889,"d","c",2210,11,2011,0,NA,NA,"","BEHBHHNISH","","HAM",2011-11-01,NA
"890",890,"a","a",1110,5,2009,0,NA,NA,"","BEHBHHNISH","","HAM",2009-05-01,NA
"891",891,"a","a",2890,12,2007,1,10,2014,"Mar,Jun,Sept,Dec","NWRP","","DUS",2007-12-01,2014-03-10
"892",892,"d","c",4270,NA,NA,1,1,2013,"Jan,Apr,Jul,Oct","HE","Hesse","FRA",NA,2013-01-07
"893",893,"a","c",18050,NA,NA,1,14,2011,"Jan,Apr,Jul,Oct","BBMVTH","","TXL ",NA,2011-04-04
"894",894,"a","a",2100,8,2013,1,14,2011,"Jan,Apr,Jul,Oct","NWRP","","DUS",2013-08-01,2011-04-04
"895",895,"a","a",50,12,2005,1,26,2010,"Jan,Apr,Jul,Oct","BBMVTH","","TXL ",2005-12-01,2010-06-28
"896",896,"d","c",8400,4,2012,1,5,2013,"Feb,May,Aug,Nov","NWRP","","DUS",2012-04-01,2013-02-04
"897",897,"a","a",100,NA,NA,0,NA,NA,"","NWRP","","DUS",NA,NA
"898",898,"d","c",14620,NA,NA,0,NA,NA,"","NWRP","","DUS",NA,NA
"899",899,"a","c",3110,3,2003,0,NA,NA,"","NWRP","","DUS",2003-03-01,NA
"900",900,"a","c",130,NA,NA,1,14,2011,"Jan,Apr,Jul,Oct","BBMVTH","","TXL ",NA,2011-04-04
"901",901,"a","c",13620,NA,NA,1,10,2014,"Mar,Jun,Sept,Dec","NWRP","","DUS",NA,2014-03-10
"902",902,"a","a",30,7,2002,0,NA,NA,"","NWRP","","DUS",2002-07-01,NA
"903",903,"d","c",8460,NA,NA,0,NA,NA,"","HE","Hesse","FRA",NA,NA
"904",904,"a","a",2260,NA,NA,1,40,2014,"Jan,Apr,Jul,Oct","BY","Bavaria","MUC",NA,2014-10-06
"905",905,"a","c",1680,NA,NA,1,45,2009,"Feb,May,Aug,Nov","BY","Bavaria","MUC",NA,2009-11-09
"906",906,"d","c",440,4,2014,0,NA,NA,"","BEHBHHNISH","","HAM",2014-04-01,NA
"907",907,"a","a",1100,6,2009,0,NA,NA,"","BEHBHHNISH","","HAM",2009-06-01,NA
"908",908,"d","c",7520,7,2014,1,45,2009,"Feb,May,Aug,Nov","NWRP","","DUS",2014-07-01,2009-11-09
"909",909,"a","a",400,8,2013,0,NA,NA,"","BEHBHHNISH","","HAM",2013-08-01,NA
"910",910,"d","c",2770,NA,NA,0,NA,NA,"","NWRP","","DUS",NA,NA
"911",911,"b","a",400,3,2006,0,NA,NA,"","BEHBHHNISH","","HAM",2006-03-01,NA
"912",912,"a","c",2330,NA,NA,0,NA,NA,"","BEHBHHNISH","","HAM",NA,NA
"913",913,"a","a",1160,9,2005,1,13,2010,"Jan,Apr,Jul,Oct","BY","Bavaria","MUC",2005-09-01,2010-03-29
"914",914,"a","c",2900,7,1990,0,NA,NA,"","NWRP","","DUS",1990-07-01,NA
"915",915,"c","a",2460,1,2012,0,NA,NA,"","BEHBHHNISH","","HAM",2012-01-01,NA
"916",916,"d","c",1100,12,2014,0,NA,NA,"","ST","Saxony-Anhalt","LEJ",2014-12-01,NA
"917",917,"c","c",340,NA,NA,0,NA,NA,"","HE","Hesse","FRA",NA,NA
"918",918,"d","a",2110,11,1995,1,40,2014,"Jan,Apr,Jul,Oct","BY","Bavaria","MUC",1995-11-01,2014-10-06
"919",919,"a","a",540,10,2011,0,NA,NA,"","BEHBHHNISH","","HAM",2011-10-01,NA
"920",920,"a","a",330,NA,NA,1,14,2011,"Jan,Apr,Jul,Oct","SN","Saxony","DRS",NA,2011-04-04
"921",921,"d","c",4520,NA,NA,0,NA,NA,"","NWRP","","DUS",NA,NA
"922",922,"a","a",14960,NA,NA,0,NA,NA,"","ST","Saxony-Anhalt","LEJ",NA,NA
"923",923,"d","c",13840,6,2010,1,14,2012,"Jan,Apr,Jul,Oct","BBMVTH","","TXL ",2010-06-01,2012-04-02
"924",924,"d","a",21930,NA,NA,0,NA,NA,"","SN","Saxony","DRS",NA,NA
"925",925,"d","c",15340,4,2015,1,39,2009,"Jan,Apr,Jul,Oct","BBMVTH","","TXL ",2015-04-01,2009-09-28
"926",926,"d","c",18010,9,2007,0,NA,NA,"","BW","Baden-Wurttemberg","STR",2007-09-01,NA
"927",927,"a","a",140,4,2008,0,NA,NA,"","ST","Saxony-Anhalt","LEJ",2008-04-01,NA
"928",928,"a","c",1140,5,2013,1,40,2014,"Jan,Apr,Jul,Oct","BY","Bavaria","MUC",2013-05-01,2014-10-06
"929",929,"c","c",1130,NA,NA,1,40,2011,"Jan,Apr,Jul,Oct","HE","Hesse","FRA",NA,2011-10-03
"930",930,"a","a",3150,5,2005,0,NA,NA,"","HE","Hesse","FRA",2005-05-01,NA
"931",931,"c","a",240,9,2002,0,NA,NA,"","SN","Saxony","DRS",2002-09-01,NA
"932",932,"a","a",14960,11,2013,1,37,2009,"Jan,Apr,Jul,Oct","ST","Saxony-Anhalt","LEJ",2013-11-01,2009-09-14
"933",933,"c","a",1140,5,2011,1,14,2012,"Mar,Jun,Sept,Dec","BBMVTH","","TXL ",2011-05-01,2012-04-02
"934",934,"a","a",850,11,2012,1,40,2014,"Jan,Apr,Jul,Oct","BY","Bavaria","MUC",2012-11-01,2014-10-06
"935",935,"a","a",580,2,2008,0,NA,NA,"","NWRP","","DUS",2008-02-01,NA
"936",936,"d","a",18610,11,2002,1,48,2011,"Mar,Jun,Sept,Dec","NWRP","","DUS",2002-11-01,2011-11-28
"937",937,"a","a",3750,NA,NA,1,45,2009,"Feb,May,Aug,Nov","NWRP","","DUS",NA,2009-11-09
"938",938,"a","a",3200,6,2005,0,NA,NA,"","NWRP","","DUS",2005-06-01,NA
"939",939,"d","a",6540,12,2007,0,NA,NA,"","HE","Hesse","FRA",2007-12-01,NA
"940",940,"c","c",5260,9,2012,0,NA,NA,"","BEHBHHNISH","","HAM",2012-09-01,NA
"941",941,"c","a",1270,9,2008,0,NA,NA,"","HE","Hesse","FRA",2008-09-01,NA
"942",942,"d","c",4820,3,2008,0,NA,NA,"","NWRP","","DUS",2008-03-01,NA
"943",943,"a","c",25360,10,2014,0,NA,NA,"","SN","Saxony","DRS",2014-10-01,NA
"944",944,"a","a",260,10,2006,1,31,2013,"Feb,May,Aug,Nov","NWRP","","DUS",2006-10-01,2013-08-05
"945",945,"d","a",490,NA,NA,1,35,2010,"Mar,Jun,Sept,Dec","HE","Hesse","FRA",NA,2010-08-30
"946",946,"c","a",4030,2,2015,0,NA,NA,"","BEHBHHNISH","","HAM",2015-02-01,NA
"947",947,"d","c",17340,6,2010,1,9,2011,"Feb,May,Aug,Nov","BEHBHHNISH","","HAM",2010-06-01,2011-02-28
"948",948,"d","a",18670,12,2005,0,NA,NA,"","ST","Saxony-Anhalt","LEJ",2005-12-01,NA
"949",949,"d","c",6860,NA,NA,1,18,2011,"Jan,Apr,Jul,Oct","HE","Hesse","FRA",NA,2011-05-02
"950",950,"a","a",3350,2,2010,0,NA,NA,"","BEHBHHNISH","","HAM",2010-02-01,NA
"951",951,"a","c",9200,10,2009,1,14,2012,"Jan,Apr,Jul,Oct","SN","Saxony","DRS",2009-10-01,2012-04-02
"952",952,"d","c",2330,NA,NA,1,49,2014,"Mar,Jun,Sept,Dec","BY","Bavaria","MUC",NA,2014-12-08
"953",953,"a","a",2040,6,2007,0,NA,NA,"","BEHBHHNISH","","HAM",2007-06-01,NA
"954",954,"c","a",550,12,2013,1,40,2014,"Jan,Apr,Jul,Oct","BY","Bavaria","MUC",2013-12-01,2014-10-06
"955",955,"a","a",21790,4,2005,1,18,2015,"Feb,May,Aug,Nov","ST","Saxony-Anhalt","LEJ",2005-04-01,2015-05-04
"956",956,"a","a",90,12,2012,1,14,2011,"Jan,Apr,Jul,Oct","HE","Hesse","FRA",2012-12-01,2011-04-04
"957",957,"d","a",NA,NA,NA,1,5,2013,"Feb,May,Aug,Nov","BY","Bavaria","MUC",NA,2013-02-04
"958",958,"a","a",2640,12,2005,1,31,2013,"Feb,May,Aug,Nov","NWRP","","DUS",2005-12-01,2013-08-05
"959",959,"d","c",2920,10,1995,1,27,2011,"Jan,Apr,Jul,Oct","BBMVTH","","TXL ",1995-10-01,2011-07-04
"960",960,"a","c",15320,3,2011,1,14,2013,"Feb,May,Aug,Nov","BEHBHHNISH","","HAM",2011-03-01,2013-04-08
"961",961,"a","c",270,4,2013,1,14,2013,"Jan,Apr,Jul,Oct","BEHBHHNISH","","HAM",2013-04-01,2013-04-08
"962",962,"a","a",1980,7,2010,1,37,2009,"Jan,Apr,Jul,Oct","HE","Hesse","FRA",2010-07-01,2009-09-14
"963",963,"d","a",2590,9,2012,0,NA,NA,"","SN","Saxony","DRS",2012-09-01,NA
"964",964,"a","c",8260,NA,NA,0,NA,NA,"","NWRP","","DUS",NA,NA
"965",965,"a","a",2890,10,2003,0,NA,NA,"","NWRP","","DUS",2003-10-01,NA
"966",966,"d","c",7160,11,2012,1,9,2011,"Jan,Apr,Jul,Oct","BY","Bavaria","MUC",2012-11-01,2011-02-28
"967",967,"a","a",3560,10,2001,1,31,2013,"Feb,May,Aug,Nov","NWRP","","DUS",2001-10-01,2013-08-05
"968",968,"d","a",8990,NA,NA,1,31,2009,"Feb,May,Aug,Nov","HE","Hesse","FRA",NA,2009-08-03
"969",969,"a","c",5330,9,2011,1,31,2013,"Jan,Apr,Jul,Oct","BEHBHHNISH","","HAM",2011-09-01,2013-08-05
"970",970,"c","a",420,3,2006,0,NA,NA,"","ST","Saxony-Anhalt","LEJ",2006-03-01,NA
"971",971,"d","c",1090,NA,NA,1,31,2013,"Feb,May,Aug,Nov","NWRP","","DUS",NA,2013-08-05
"972",972,"c","a",3850,11,2005,1,14,2011,"Jan,Apr,Jul,Oct","BBMVTH","","TXL ",2005-11-01,2011-04-04
"973",973,"d","c",3560,NA,NA,0,NA,NA,"","NWRP","","DUS",NA,NA
"974",974,"a","c",1650,9,2008,0,NA,NA,"","BEHBHHNISH","","HAM",2008-09-01,NA
"975",975,"d","c",1910,4,2009,0,NA,NA,"","BEHBHHNISH","","HAM",2009-04-01,NA
"976",976,"a","a",1000,9,2008,0,NA,NA,"","NWRP","","DUS",2008-09-01,NA
"977",977,"a","a",7250,12,2013,0,NA,NA,"","NWRP","","DUS",2013-12-01,NA
"978",978,"d","a",1590,3,2012,0,NA,NA,"","HE","Hesse","FRA",2012-03-01,NA
"979",979,"c","a",1980,4,2009,0,NA,NA,"","BEHBHHNISH","","HAM",2009-04-01,NA
"980",980,"d","c",2770,6,2008,1,22,2011,"Jan,Apr,Jul,Oct","BY","Bavaria","MUC",2008-06-01,2011-05-30
"981",981,"d","c",1500,10,2005,0,NA,NA,"","NWRP","","DUS",2005-10-01,NA
"982",982,"a","a",14040,NA,NA,0,NA,NA,"","BW","Baden-Wurttemberg","STR",NA,NA
"983",983,"c","a",1600,8,2013,1,40,2014,"Jan,Apr,Jul,Oct","BY","Bavaria","MUC",2013-08-01,2014-10-06
"984",984,"a","a",2410,NA,NA,1,40,2014,"Jan,Apr,Jul,Oct","BY","Bavaria","MUC",NA,2014-10-06
"985",985,"c","a",190,NA,NA,1,45,2009,"Feb,May,Aug,Nov","NWRP","","DUS",NA,2009-11-09
"986",986,"a","a",800,6,2007,0,NA,NA,"","NWRP","","DUS",2007-06-01,NA
"987",987,"c","c",530,4,2005,1,35,2010,"Mar,Jun,Sept,Dec","NWRP","","DUS",2005-04-01,2010-08-30
"988",988,"a","c",290,NA,NA,1,40,2011,"Jan,Apr,Jul,Oct","NWRP","","DUS",NA,2011-10-03
"989",989,"a","c",9260,NA,NA,0,NA,NA,"","BEHBHHNISH","","HAM",NA,NA
"990",990,"a","a",80,6,2005,0,NA,NA,"","NWRP","","DUS",2005-06-01,NA
"991",991,"a","a",2540,6,2005,0,NA,NA,"","NWRP","","DUS",2005-06-01,NA
"992",992,"a","a",6710,11,2003,1,14,2012,"Jan,Apr,Jul,Oct","SN","Saxony","DRS",2003-11-01,2012-04-02
"993",993,"d","a",1760,NA,NA,1,10,2014,"Mar,Jun,Sept,Dec","HE","Hesse","FRA",NA,2014-03-10
"994",994,"a","a",40,3,2014,1,1,2014,"Jan,Apr,Jul,Oct","NWRP","","DUS",2014-03-01,2014-01-06
"995",995,"a","a",1930,9,2009,0,NA,NA,"","BEHBHHNISH","","HAM",2009-09-01,NA
"996",996,"a","c",7340,5,2008,1,27,2012,"Jan,Apr,Jul,Oct","BY","Bavaria","MUC",2008-05-01,2012-07-02
"997",997,"a","c",29190,NA,NA,0,NA,NA,"","BEHBHHNISH","","HAM",NA,NA
"998",998,"a","c",3340,NA,NA,1,22,2012,"Mar,Jun,Sept,Dec","BW","Baden-Wurttemberg","STR",NA,2012-05-28
"999",999,"d","c",1040,NA,NA,1,27,2012,"Jan,Apr,Jul,Oct","BY","Bavaria","MUC",NA,2012-07-02
"1000",1000,"c","a",2410,NA,NA,1,35,2011,"Jan,Apr,Jul,Oct","BW","Baden-Wurttemberg","STR",NA,2011-08-29
