"","State","X","Store","StoreType","Assortment","CompetitionDistance","CompetitionOpenSinceMonth","CompetitionOpenSinceYear","Promo2","Promo2SinceWeek","Promo2SinceYear","PromoInterval","Name","GermanName","Capital","AirportCode"
"1","BBMVTH",10,10,"d","c",14160,NA,NA,0,NA,NA,"",NA,NA,NA,NA
"2","BBMVTH",57,57,"a","a",270,8,2013,1,10,2014,"Mar,Jun,Sept,Dec",NA,NA,NA,NA
"3","BBMVTH",181,181,"d","c",24530,7,2013,0,NA,NA,"",NA,NA,NA,NA
"4","BBMVTH",63,63,"a","a",17500,4,2001,1,37,2009,"Jan,Apr,Jul,Oct",NA,NA,NA,NA
"5","BBMVTH",65,65,"a","a",20390,NA,NA,0,NA,NA,"",NA,NA,NA,NA
"6","BBMVTH",213,213,"a","a",290,9,2002,1,13,2010,"Jan,Apr,Jul,Oct",NA,NA,NA,NA
"7","BBMVTH",225,225,"c","a",4510,NA,NA,1,48,2011,"Mar,Jun,Sept,Dec",NA,NA,NA,NA
"8","BBMVTH",132,132,"a","a",350,8,1999,1,14,2011,"Jan,Apr,Jul,Oct",NA,NA,NA,NA
"9","BBMVTH",390,390,"c","a",19640,NA,NA,1,14,2011,"Jan,Apr,Jul,Oct",NA,NA,NA,NA
"10","BBMVTH",396,396,"a","a",570,11,2007,1,13,2010,"Jan,Apr,Jul,Oct",NA,NA,NA,NA
"11","BBMVTH",278,278,"a","a",70,11,2004,1,14,2011,"Jan,Apr,Jul,Oct",NA,NA,NA,NA
"12","BBMVTH",175,175,"a","a",19830,4,2006,1,22,2011,"Mar,Jun,Sept,Dec",NA,NA,NA,NA
"13","BBMVTH",394,394,"a","a",1460,4,2015,0,NA,NA,"",NA,NA,NA,NA
"14","BBMVTH",895,895,"a","a",50,12,2005,1,26,2010,"Jan,Apr,Jul,Oct",NA,NA,NA,NA
"15","BBMVTH",791,791,"c","a",250,6,2007,1,14,2011,"Jan,Apr,Jul,Oct",NA,NA,NA,NA
"16","BBMVTH",758,758,"d","c",13130,12,2003,0,NA,NA,"",NA,NA,NA,NA
"17","BBMVTH",768,768,"a","c",2840,6,2007,1,14,2011,"Jan,Apr,Jul,Oct",NA,NA,NA,NA
"18","BBMVTH",730,730,"a","a",2020,2,2011,1,14,2011,"Mar,Jun,Sept,Dec",NA,NA,NA,NA
"19","BBMVTH",672,672,"d","c",6890,NA,NA,1,48,2011,"Mar,Jun,Sept,Dec",NA,NA,NA,NA
"20","BBMVTH",925,925,"d","c",15340,4,2015,1,39,2009,"Jan,Apr,Jul,Oct",NA,NA,NA,NA
"21","BBMVTH",851,851,"a","a",18660,9,2002,0,NA,NA,"",NA,NA,NA,NA
"22","BBMVTH",900,900,"a","c",130,NA,NA,1,14,2011,"Jan,Apr,Jul,Oct",NA,NA,NA,NA
"23","BBMVTH",606,606,"c","a",14810,NA,NA,1,14,2011,"Mar,Jun,Sept,Dec",NA,NA,NA,NA
"24","BBMVTH",972,972,"c","a",3850,11,2005,1,14,2011,"Jan,Apr,Jul,Oct",NA,NA,NA,NA
"25","BBMVTH",692,692,"a","c",2270,11,2005,1,14,2011,"Jan,Apr,Jul,Oct",NA,NA,NA,NA
"26","BBMVTH",893,893,"a","c",18050,NA,NA,1,14,2011,"Jan,Apr,Jul,Oct",NA,NA,NA,NA
"27","BBMVTH",864,864,"d","a",2300,NA,NA,0,NA,NA,"",NA,NA,NA,NA
"28","BBMVTH",844,844,"a","a",1690,4,2015,0,NA,NA,"",NA,NA,NA,NA
"29","BBMVTH",959,959,"d","c",2920,10,1995,1,27,2011,"Jan,Apr,Jul,Oct",NA,NA,NA,NA
"30","BBMVTH",923,923,"d","c",13840,6,2010,1,14,2012,"Jan,Apr,Jul,Oct",NA,NA,NA,NA
"31","BBMVTH",710,710,"a","a",690,6,2007,1,14,2011,"Jan,Apr,Jul,Oct",NA,NA,NA,NA
"32","BBMVTH",877,877,"c","c",380,5,2008,1,10,2014,"Mar,Jun,Sept,Dec",NA,NA,NA,NA
"33","BBMVTH",933,933,"c","a",1140,5,2011,1,14,2012,"Mar,Jun,Sept,Dec",NA,NA,NA,NA
"34","BEHBHHNISH",1,1,"c","a",520,3,2009,0,NA,NA,"",NA,NA,NA,NA
"35","BEHBHHNISH",2,2,"a","c",640,9,2013,0,NA,NA,"",NA,NA,NA,NA
"36","BEHBHHNISH",8,8,"a","a",1150,9,2007,0,NA,NA,"",NA,NA,NA,NA
"37","BEHBHHNISH",11,11,"a","a",250,9,2009,0,NA,NA,"",NA,NA,NA,NA
"38","BEHBHHNISH",133,133,"d","c",1130,11,2008,0,NA,NA,"",NA,NA,NA,NA
"39","BEHBHHNISH",16,16,"a","a",1480,4,2009,0,NA,NA,"",NA,NA,NA,NA
"40","BEHBHHNISH",17,17,"a","a",1790,10,2011,0,NA,NA,"",NA,NA,NA,NA
"41","BEHBHHNISH",19,19,"a","c",40860,9,2013,0,NA,NA,"",NA,NA,NA,NA
"42","BEHBHHNISH",141,141,"d","c",1860,9,2012,1,40,2012,"Jan,Apr,Jul,Oct",NA,NA,NA,NA
"43","BEHBHHNISH",22,22,"b","a",1260,6,2011,0,NA,NA,"",NA,NA,NA,NA
"44","BEHBHHNISH",25,25,"a","c",570,9,2012,1,27,2012,"Mar,Jun,Sept,Dec",NA,NA,NA,NA
"45","BEHBHHNISH",149,149,"a","c",21370,11,2010,0,NA,NA,"",NA,NA,NA,NA
"46","BEHBHHNISH",29,29,"a","c",170,2,2009,0,NA,NA,"",NA,NA,NA,NA
"47","BEHBHHNISH",151,151,"c","c",1490,4,2009,0,NA,NA,"",NA,NA,NA,NA
"48","BEHBHHNISH",32,32,"d","a",6630,NA,NA,0,NA,NA,"",NA,NA,NA,NA
"49","BEHBHHNISH",33,33,"a","a",420,12,2012,0,NA,NA,"",NA,NA,NA,NA
"50","BEHBHHNISH",34,34,"a","c",46590,4,2013,0,NA,NA,"",NA,NA,NA,NA
"51","BEHBHHNISH",157,157,"a","c",18160,NA,NA,0,NA,NA,"",NA,NA,NA,NA
"52","BEHBHHNISH",159,159,"a","a",2090,12,2008,0,NA,NA,"",NA,NA,NA,NA
"53","BEHBHHNISH",160,160,"a","a",280,9,2008,0,NA,NA,"",NA,NA,NA,NA
"54","BEHBHHNISH",40,40,"a","a",1200,9,2008,0,NA,NA,"",NA,NA,NA,NA
"55","BEHBHHNISH",162,162,"a","a",230,6,2010,1,18,2010,"Feb,May,Aug,Nov",NA,NA,NA,NA
"56","BEHBHHNISH",43,43,"a","a",2070,9,2007,0,NA,NA,"",NA,NA,NA,NA
"57","BEHBHHNISH",286,286,"a","c",22350,6,2010,0,NA,NA,"",NA,NA,NA,NA
"58","BEHBHHNISH",50,50,"a","c",1410,10,2013,0,NA,NA,"",NA,NA,NA,NA
"59","BEHBHHNISH",52,52,"d","c",1850,NA,NA,0,NA,NA,"",NA,NA,NA,NA
"60","BEHBHHNISH",174,174,"a","c",910,NA,NA,1,22,2011,"Feb,May,Aug,Nov",NA,NA,NA,NA
"61","BEHBHHNISH",55,55,"c","c",1910,7,2013,0,NA,NA,"",NA,NA,NA,NA
"62","BEHBHHNISH",61,61,"a","c",58260,4,2013,0,NA,NA,"",NA,NA,NA,NA
"63","BEHBHHNISH",71,71,"c","c",2640,4,2011,1,22,2012,"Mar,Jun,Sept,Dec",NA,NA,NA,NA
"64","BEHBHHNISH",74,74,"a","a",410,9,2012,0,NA,NA,"",NA,NA,NA,NA
"65","BEHBHHNISH",81,81,"a","c",NA,NA,NA,0,NA,NA,"",NA,NA,NA,NA
"66","BEHBHHNISH",86,86,"a","c",1530,3,2013,0,NA,NA,"",NA,NA,NA,NA
"67","BEHBHHNISH",87,87,"a","c",210,9,2012,0,NA,NA,"",NA,NA,NA,NA
"68","BEHBHHNISH",330,330,"c","a",4130,NA,NA,0,NA,NA,"",NA,NA,NA,NA
"69","BEHBHHNISH",331,331,"a","a",2170,11,2008,0,NA,NA,"",NA,NA,NA,NA
"70","BEHBHHNISH",95,95,"a","a",3160,9,2009,0,NA,NA,"",NA,NA,NA,NA
"71","BEHBHHNISH",338,338,"a","a",50,NA,NA,0,NA,NA,"",NA,NA,NA,NA
"72","BEHBHHNISH",220,220,"a","c",9260,2,2010,0,NA,NA,"",NA,NA,NA,NA
"73","BEHBHHNISH",102,102,"b","a",1270,5,2014,0,NA,NA,"",NA,NA,NA,NA
"74","BEHBHHNISH",471,471,"a","a",990,2,2010,0,NA,NA,"",NA,NA,NA,NA
"75","BEHBHHNISH",109,109,"c","a",1690,6,2007,0,NA,NA,"",NA,NA,NA,NA
"76","BEHBHHNISH",110,110,"b","c",1210,NA,NA,0,NA,NA,"",NA,NA,NA,NA
"77","BEHBHHNISH",115,115,"d","c",1860,5,2015,0,NA,NA,"",NA,NA,NA,NA
"78","BEHBHHNISH",120,120,"c","a",300,4,2006,0,NA,NA,"",NA,NA,NA,NA
"79","BEHBHHNISH",122,122,"d","c",13530,9,2013,0,NA,NA,"",NA,NA,NA,NA
"80","BEHBHHNISH",124,124,"a","c",960,11,2011,1,1,2012,"Jan,Apr,Jul,Oct",NA,NA,NA,NA
"81","BEHBHHNISH",610,610,"d","a",48330,4,2013,0,NA,NA,"",NA,NA,NA,NA
"82","BEHBHHNISH",611,611,"a","c",30,9,2010,0,NA,NA,"",NA,NA,NA,NA
"83","BEHBHHNISH",254,254,"a","c",4820,9,2013,0,NA,NA,"",NA,NA,NA,NA
"84","BEHBHHNISH",137,137,"a","c",4030,NA,NA,0,NA,NA,"",NA,NA,NA,NA
"85","BEHBHHNISH",138,138,"d","c",32240,3,2010,0,NA,NA,"",NA,NA,NA,NA
"86","BEHBHHNISH",383,383,"c","c",5980,2,2010,0,NA,NA,"",NA,NA,NA,NA
"87","BEHBHHNISH",384,384,"d","a",12700,4,2013,0,NA,NA,"",NA,NA,NA,NA
"88","BEHBHHNISH",264,264,"d","c",2780,6,2015,0,NA,NA,"",NA,NA,NA,NA
"89","BEHBHHNISH",629,629,"c","c",710,9,2005,0,NA,NA,"",NA,NA,NA,NA
"90","BEHBHHNISH",147,147,"d","c",18010,9,2014,0,NA,NA,"",NA,NA,NA,NA
"91","BEHBHHNISH",393,393,"b","a",150,9,2006,0,NA,NA,"",NA,NA,NA,NA
"92","BEHBHHNISH",274,274,"d","c",1870,9,2013,0,NA,NA,"",NA,NA,NA,NA
"93","BEHBHHNISH",398,398,"d","c",4060,9,2012,0,NA,NA,"",NA,NA,NA,NA
"94","BEHBHHNISH",443,443,"a","c",430,NA,NA,0,NA,NA,"",NA,NA,NA,NA
"95","BEHBHHNISH",646,646,"a","a",350,12,2012,0,NA,NA,"",NA,NA,NA,NA
"96","BEHBHHNISH",526,526,"a","a",2850,7,2014,0,NA,NA,"",NA,NA,NA,NA
"97","BEHBHHNISH",407,407,"d","c",1420,11,2012,0,NA,NA,"",NA,NA,NA,NA
"98","BEHBHHNISH",650,650,"d","c",1140,11,2014,0,NA,NA,"",NA,NA,NA,NA
"99","BEHBHHNISH",288,288,"d","c",580,11,2014,0,NA,NA,"",NA,NA,NA,NA
"100","BEHBHHNISH",168,168,"d","c",6680,9,2013,0,NA,NA,"",NA,NA,NA,NA
"101","BEHBHHNISH",653,653,"a","a",1710,7,2015,0,NA,NA,"",NA,NA,NA,NA
"102","BEHBHHNISH",291,291,"c","c",1990,1,2012,0,NA,NA,"",NA,NA,NA,NA
"103","BEHBHHNISH",535,535,"c","c",4180,9,2012,0,NA,NA,"",NA,NA,NA,NA
"104","BEHBHHNISH",173,173,"a","a",3620,NA,NA,1,40,2013,"Jan,Apr,Jul,Oct",NA,NA,NA,NA
"105","BEHBHHNISH",539,539,"a","a",3000,2,2010,0,NA,NA,"",NA,NA,NA,NA
"106","BEHBHHNISH",662,662,"a","c",13080,NA,NA,0,NA,NA,"",NA,NA,NA,NA
"107","BEHBHHNISH",179,179,"c","a",4660,4,2013,0,NA,NA,"",NA,NA,NA,NA
"108","BEHBHHNISH",180,180,"a","c",15050,9,2008,0,NA,NA,"",NA,NA,NA,NA
"109","BEHBHHNISH",302,302,"a","a",3210,NA,NA,0,NA,NA,"",NA,NA,NA,NA
"110","BEHBHHNISH",667,667,"a","c",16210,11,2010,0,NA,NA,"",NA,NA,NA,NA
"111","BEHBHHNISH",305,305,"d","c",38630,9,2012,0,NA,NA,"",NA,NA,NA,NA
"112","BEHBHHNISH",427,427,"a","c",2180,NA,NA,0,NA,NA,"",NA,NA,NA,NA
"113","BEHBHHNISH",309,309,"d","c",2870,9,2012,0,NA,NA,"",NA,NA,NA,NA
"114","BEHBHHNISH",432,432,"a","c",1510,9,2013,0,NA,NA,"",NA,NA,NA,NA
"115","BEHBHHNISH",433,433,"a","a",870,3,2006,0,NA,NA,"",NA,NA,NA,NA
"116","BEHBHHNISH",313,313,"c","c",5000,NA,NA,0,NA,NA,"",NA,NA,NA,NA
"117","BEHBHHNISH",799,799,"a","a",1950,7,2015,0,NA,NA,"",NA,NA,NA,NA
"118","BEHBHHNISH",317,317,"a","c",19360,NA,NA,0,NA,NA,"",NA,NA,NA,NA
"119","BEHBHHNISH",560,560,"a","a",1450,7,2014,0,NA,NA,"",NA,NA,NA,NA
"120","BEHBHHNISH",244,244,"a","c",2270,NA,NA,1,35,2012,"Mar,Jun,Sept,Dec",NA,NA,NA,NA
"121","BEHBHHNISH",207,207,"a","a",1220,12,2010,0,NA,NA,"",NA,NA,NA,NA
"122","BEHBHHNISH",329,329,"a","c",170,9,2012,0,NA,NA,"",NA,NA,NA,NA
"123","BEHBHHNISH",452,452,"a","c",300,4,2011,1,14,2011,"Jan,Apr,Jul,Oct",NA,NA,NA,NA
"124","BEHBHHNISH",332,332,"c","a",1620,9,2009,0,NA,NA,"",NA,NA,NA,NA
"125","BEHBHHNISH",333,333,"a","c",16490,NA,NA,0,NA,NA,"",NA,NA,NA,NA
"126","BEHBHHNISH",216,216,"a","c",720,10,2014,0,NA,NA,"",NA,NA,NA,NA
"127","BEHBHHNISH",339,339,"c","c",3530,6,2012,1,35,2012,"Mar,Jun,Sept,Dec",NA,NA,NA,NA
"128","BEHBHHNISH",825,825,"a","c",200,4,2013,1,14,2013,"Jan,Apr,Jul,Oct",NA,NA,NA,NA
"129","BEHBHHNISH",584,584,"c","a",240,1,2015,0,NA,NA,"",NA,NA,NA,NA
"130","BEHBHHNISH",467,467,"c","c",140,9,2012,0,NA,NA,"",NA,NA,NA,NA
"131","BEHBHHNISH",590,590,"a","c",2890,4,2014,0,NA,NA,"",NA,NA,NA,NA
"132","BEHBHHNISH",592,592,"a","c",2880,NA,NA,0,NA,NA,"",NA,NA,NA,NA
"133","BEHBHHNISH",230,230,"a","c",12480,3,2011,0,NA,NA,"",NA,NA,NA,NA
"134","BEHBHHNISH",233,233,"a","c",870,NA,NA,0,NA,NA,"",NA,NA,NA,NA
"135","BEHBHHNISH",235,235,"a","a",30,11,2012,0,NA,NA,"",NA,NA,NA,NA
"136","BEHBHHNISH",239,239,"a","a",110,12,2007,0,NA,NA,"",NA,NA,NA,NA
"137","BEHBHHNISH",240,240,"b","a",1180,5,2013,0,NA,NA,"",NA,NA,NA,NA
"138","BEHBHHNISH",644,644,"c","a",3380,4,2013,0,NA,NA,"",NA,NA,NA,NA
"139","BEHBHHNISH",364,364,"c","a",50,11,2006,0,NA,NA,"",NA,NA,NA,NA
"140","BEHBHHNISH",852,852,"d","c",9800,7,2012,0,NA,NA,"",NA,NA,NA,NA
"141","BEHBHHNISH",974,974,"a","c",1650,9,2008,0,NA,NA,"",NA,NA,NA,NA
"142","BEHBHHNISH",250,250,"c","a",3150,NA,NA,0,NA,NA,"",NA,NA,NA,NA
"143","BEHBHHNISH",496,496,"d","c",1940,3,2012,0,NA,NA,"",NA,NA,NA,NA
"144","BEHBHHNISH",497,497,"a","a",810,5,2013,0,NA,NA,"",NA,NA,NA,NA
"145","BEHBHHNISH",498,498,"d","c",2870,NA,NA,1,35,2012,"Mar,Jun,Sept,Dec",NA,NA,NA,NA
"146","BEHBHHNISH",259,259,"b","a",1870,10,2011,0,NA,NA,"",NA,NA,NA,NA
"147","BEHBHHNISH",261,261,"a","a",6870,NA,NA,0,NA,NA,"",NA,NA,NA,NA
"148","BEHBHHNISH",626,626,"c","c",5030,8,2011,0,NA,NA,"",NA,NA,NA,NA
"149","BEHBHHNISH",750,750,"a","a",820,3,2012,1,35,2012,"Mar,Jun,Sept,Dec",NA,NA,NA,NA
"150","BEHBHHNISH",509,509,"a","c",13190,NA,NA,1,45,2013,"Feb,May,Aug,Nov",NA,NA,NA,NA
"151","BEHBHHNISH",514,514,"a","a",7520,10,2014,0,NA,NA,"",NA,NA,NA,NA
"152","BEHBHHNISH",881,881,"a","c",14300,3,2011,0,NA,NA,"",NA,NA,NA,NA
"153","BEHBHHNISH",640,640,"a","c",1070,NA,NA,1,13,2010,"Jan,Apr,Jul,Oct",NA,NA,NA,NA
"154","BEHBHHNISH",399,399,"c","a",2240,9,2009,0,NA,NA,"",NA,NA,NA,NA
"155","BEHBHHNISH",401,401,"a","a",1000,11,2007,0,NA,NA,"",NA,NA,NA,NA
"156","BEHBHHNISH",651,651,"d","c",6360,NA,NA,1,40,2012,"Mar,Jun,Sept,Dec",NA,NA,NA,NA
"157","BEHBHHNISH",289,289,"a","c",9990,NA,NA,0,NA,NA,"",NA,NA,NA,NA
"158","BEHBHHNISH",533,533,"c","c",620,9,2009,0,NA,NA,"",NA,NA,NA,NA
"159","BEHBHHNISH",413,413,"c","c",2510,8,2009,1,1,2012,"Jan,Apr,Jul,Oct",NA,NA,NA,NA
"160","BEHBHHNISH",536,536,"a","a",3020,2,2010,0,NA,NA,"",NA,NA,NA,NA
"161","BEHBHHNISH",296,296,"a","a",2820,9,2009,0,NA,NA,"",NA,NA,NA,NA
"162","BEHBHHNISH",458,458,"a","c",3170,4,2014,0,NA,NA,"",NA,NA,NA,NA
"163","BEHBHHNISH",423,423,"a","c",250,NA,NA,1,35,2012,"Mar,Jun,Sept,Dec",NA,NA,NA,NA
"164","BEHBHHNISH",547,547,"a","c",6250,NA,NA,0,NA,NA,"",NA,NA,NA,NA
"165","BEHBHHNISH",430,430,"c","c",31830,3,2010,0,NA,NA,"",NA,NA,NA,NA
"166","BEHBHHNISH",431,431,"a","a",4140,9,2012,0,NA,NA,"",NA,NA,NA,NA
"167","BEHBHHNISH",553,553,"a","a",2260,11,2007,0,NA,NA,"",NA,NA,NA,NA
"168","BEHBHHNISH",355,355,"a","a",1070,9,2009,0,NA,NA,"",NA,NA,NA,NA
"169","BEHBHHNISH",679,679,"a","a",140,3,2006,0,NA,NA,"",NA,NA,NA,NA
"170","BEHBHHNISH",682,682,"a","c",4510,3,2015,0,NA,NA,"",NA,NA,NA,NA
"171","BEHBHHNISH",804,804,"a","c",1480,9,2011,1,1,2012,"Jan,Apr,Jul,Oct",NA,NA,NA,NA
"172","BEHBHHNISH",361,361,"d","c",2640,9,2012,0,NA,NA,"",NA,NA,NA,NA
"173","BEHBHHNISH",323,323,"a","c",33060,3,2010,0,NA,NA,"",NA,NA,NA,NA
"174","BEHBHHNISH",450,450,"a","c",340,9,2012,1,40,2012,"Jan,Apr,Jul,Oct",NA,NA,NA,NA
"175","BEHBHHNISH",575,575,"a","c",1060,12,2005,0,NA,NA,"",NA,NA,NA,NA
"176","BEHBHHNISH",946,946,"c","a",4030,2,2015,0,NA,NA,"",NA,NA,NA,NA
"177","BEHBHHNISH",826,826,"a","a",160,8,2012,0,NA,NA,"",NA,NA,NA,NA
"178","BEHBHHNISH",464,464,"a","a",390,6,2009,0,NA,NA,"",NA,NA,NA,NA
"179","BEHBHHNISH",829,829,"a","a",3470,3,2012,0,NA,NA,"",NA,NA,NA,NA
"180","BEHBHHNISH",711,711,"d","c",3580,9,2012,0,NA,NA,"",NA,NA,NA,NA
"181","BEHBHHNISH",833,833,"a","a",2390,9,2012,0,NA,NA,"",NA,NA,NA,NA
"182","BEHBHHNISH",632,632,"a","c",3300,11,2010,0,NA,NA,"",NA,NA,NA,NA
"183","BEHBHHNISH",351,351,"c","c",900,9,2010,0,NA,NA,"",NA,NA,NA,NA
"184","BEHBHHNISH",354,354,"c","a",60,4,2006,0,NA,NA,"",NA,NA,NA,NA
"185","BEHBHHNISH",356,356,"a","a",1790,5,2011,0,NA,NA,"",NA,NA,NA,NA
"186","BEHBHHNISH",601,601,"d","a",1070,NA,NA,0,NA,NA,"",NA,NA,NA,NA
"187","BEHBHHNISH",765,765,"c","a",1270,9,2010,0,NA,NA,"",NA,NA,NA,NA
"188","BEHBHHNISH",975,975,"d","c",1910,4,2009,0,NA,NA,"",NA,NA,NA,NA
"189","BEHBHHNISH",696,696,"a","a",540,6,2011,0,NA,NA,"",NA,NA,NA,NA
"190","BEHBHHNISH",618,618,"c","c",1200,NA,NA,0,NA,NA,"",NA,NA,NA,NA
"191","BEHBHHNISH",417,417,"c","c",3100,5,2010,0,NA,NA,"",NA,NA,NA,NA
"192","BEHBHHNISH",861,861,"a","c",9720,8,2013,0,NA,NA,"",NA,NA,NA,NA
"193","BEHBHHNISH",821,821,"c","c",1130,6,2015,0,NA,NA,"",NA,NA,NA,NA
"194","BEHBHHNISH",625,625,"a","a",180,3,2014,0,NA,NA,"",NA,NA,NA,NA
"195","BEHBHHNISH",585,585,"a","c",250,1,2005,0,NA,NA,"",NA,NA,NA,NA
"196","BEHBHHNISH",392,392,"a","c",26990,12,2013,0,NA,NA,"",NA,NA,NA,NA
"197","BEHBHHNISH",757,757,"a","a",1420,11,2007,0,NA,NA,"",NA,NA,NA,NA
"198","BEHBHHNISH",759,759,"d","c",17540,6,2012,0,NA,NA,"",NA,NA,NA,NA
"199","BEHBHHNISH",406,406,"c","a",1190,9,2013,0,NA,NA,"",NA,NA,NA,NA
"200","BEHBHHNISH",770,770,"a","c",4650,6,2014,0,NA,NA,"",NA,NA,NA,NA
"201","BEHBHHNISH",570,570,"a","c",6690,8,2011,0,NA,NA,"",NA,NA,NA,NA
"202","BEHBHHNISH",654,654,"a","c",3720,2,2010,0,NA,NA,"",NA,NA,NA,NA
"203","BEHBHHNISH",534,534,"a","a",1700,9,2009,0,NA,NA,"",NA,NA,NA,NA
"204","BEHBHHNISH",663,663,"a","c",35280,NA,NA,0,NA,NA,"",NA,NA,NA,NA
"205","BEHBHHNISH",906,906,"d","c",440,4,2014,0,NA,NA,"",NA,NA,NA,NA
"206","BEHBHHNISH",665,665,"a","a",2060,9,2009,0,NA,NA,"",NA,NA,NA,NA
"207","BEHBHHNISH",746,746,"a","c",100,6,2010,1,18,2010,"Feb,May,Aug,Nov",NA,NA,NA,NA
"208","BEHBHHNISH",909,909,"a","a",400,8,2013,0,NA,NA,"",NA,NA,NA,NA
"209","BEHBHHNISH",669,669,"a","c",38710,4,2013,0,NA,NA,"",NA,NA,NA,NA
"210","BEHBHHNISH",912,912,"a","c",2330,NA,NA,0,NA,NA,"",NA,NA,NA,NA
"211","BEHBHHNISH",550,550,"a","c",11680,9,2011,1,31,2013,"Jan,Apr,Jul,Oct",NA,NA,NA,NA
"212","BEHBHHNISH",673,673,"a","c",1600,4,2009,0,NA,NA,"",NA,NA,NA,NA
"213","BEHBHHNISH",795,795,"d","a",5800,9,2010,0,NA,NA,"",NA,NA,NA,NA
"214","BEHBHHNISH",719,719,"a","c",410,11,2010,1,48,2010,"Mar,Jun,Sept,Dec",NA,NA,NA,NA
"215","BEHBHHNISH",802,802,"c","c",1540,NA,NA,1,1,2012,"Jan,Apr,Jul,Oct",NA,NA,NA,NA
"216","BEHBHHNISH",481,481,"d","c",15720,3,2010,0,NA,NA,"",NA,NA,NA,NA
"217","BEHBHHNISH",764,764,"c","c",820,NA,NA,0,NA,NA,"",NA,NA,NA,NA
"218","BEHBHHNISH",846,846,"c","a",4210,3,2015,0,NA,NA,"",NA,NA,NA,NA
"219","BEHBHHNISH",889,889,"d","c",2210,11,2011,0,NA,NA,"",NA,NA,NA,NA
"220","BEHBHHNISH",655,655,"d","c",6970,9,2011,0,NA,NA,"",NA,NA,NA,NA
"221","BEHBHHNISH",940,940,"c","c",5260,9,2012,0,NA,NA,"",NA,NA,NA,NA
"222","BEHBHHNISH",792,792,"a","a",4520,2,2014,0,NA,NA,"",NA,NA,NA,NA
"223","BEHBHHNISH",742,742,"a","a",680,4,2013,0,NA,NA,"",NA,NA,NA,NA
"224","BEHBHHNISH",947,947,"d","c",17340,6,2010,1,9,2011,"Feb,May,Aug,Nov",NA,NA,NA,NA
"225","BEHBHHNISH",907,907,"a","a",1100,6,2009,0,NA,NA,"",NA,NA,NA,NA
"226","BEHBHHNISH",989,989,"a","c",9260,NA,NA,0,NA,NA,"",NA,NA,NA,NA
"227","BEHBHHNISH",950,950,"a","a",3350,2,2010,0,NA,NA,"",NA,NA,NA,NA
"228","BEHBHHNISH",886,886,"a","c",2630,9,2012,0,NA,NA,"",NA,NA,NA,NA
"229","BEHBHHNISH",724,724,"a","a",17570,NA,NA,0,NA,NA,"",NA,NA,NA,NA
"230","BEHBHHNISH",727,727,"d","c",3230,11,2011,0,NA,NA,"",NA,NA,NA,NA
"231","BEHBHHNISH",756,756,"a","a",780,4,2009,0,NA,NA,"",NA,NA,NA,NA
"232","BEHBHHNISH",919,919,"a","a",540,10,2011,0,NA,NA,"",NA,NA,NA,NA
"233","BEHBHHNISH",479,479,"d","c",4610,6,2010,1,18,2010,"Feb,May,Aug,Nov",NA,NA,NA,NA
"234","BEHBHHNISH",642,642,"a","c",30030,11,2010,0,NA,NA,"",NA,NA,NA,NA
"235","BEHBHHNISH",953,953,"a","a",2040,6,2007,0,NA,NA,"",NA,NA,NA,NA
"236","BEHBHHNISH",793,793,"a","a",1350,9,2009,0,NA,NA,"",NA,NA,NA,NA
"237","BEHBHHNISH",915,915,"c","a",2460,1,2012,0,NA,NA,"",NA,NA,NA,NA
"238","BEHBHHNISH",527,527,"c","a",170,NA,NA,1,35,2012,"Mar,Jun,Sept,Dec",NA,NA,NA,NA
"239","BEHBHHNISH",890,890,"a","a",1110,5,2009,0,NA,NA,"",NA,NA,NA,NA
"240","BEHBHHNISH",492,492,"a","a",7680,3,2006,0,NA,NA,"",NA,NA,NA,NA
"241","BEHBHHNISH",845,845,"a","c",7420,4,2013,0,NA,NA,"",NA,NA,NA,NA
"242","BEHBHHNISH",706,706,"c","c",4840,NA,NA,0,NA,NA,"",NA,NA,NA,NA
"243","BEHBHHNISH",627,627,"a","c",30360,9,2013,0,NA,NA,"",NA,NA,NA,NA
"244","BEHBHHNISH",869,869,"d","c",5210,5,2015,0,NA,NA,"",NA,NA,NA,NA
"245","BEHBHHNISH",979,979,"c","a",1980,4,2009,0,NA,NA,"",NA,NA,NA,NA
"246","BEHBHHNISH",995,995,"a","a",1930,9,2009,0,NA,NA,"",NA,NA,NA,NA
"247","BEHBHHNISH",836,836,"d","c",4110,3,2010,1,14,2011,"Jan,Apr,Jul,Oct",NA,NA,NA,NA
"248","BEHBHHNISH",597,597,"a","c",75860,NA,NA,0,NA,NA,"",NA,NA,NA,NA
"249","BEHBHHNISH",848,848,"a","a",500,12,2010,0,NA,NA,"",NA,NA,NA,NA
"250","BEHBHHNISH",648,648,"c","a",290,9,2006,0,NA,NA,"",NA,NA,NA,NA
"251","BEHBHHNISH",911,911,"b","a",400,3,2006,0,NA,NA,"",NA,NA,NA,NA
"252","BEHBHHNISH",969,969,"a","c",5330,9,2011,1,31,2013,"Jan,Apr,Jul,Oct",NA,NA,NA,NA
"253","BEHBHHNISH",827,827,"a","c",2100,2,2010,0,NA,NA,"",NA,NA,NA,NA
"254","BEHBHHNISH",780,780,"a","a",560,1,2011,0,NA,NA,"",NA,NA,NA,NA
"255","BEHBHHNISH",841,841,"a","c",350,11,2006,0,NA,NA,"",NA,NA,NA,NA
"256","BEHBHHNISH",883,883,"a","c",2840,3,2010,1,14,2011,"Jan,Apr,Jul,Oct",NA,NA,NA,NA
"257","BEHBHHNISH",961,961,"a","c",270,4,2013,1,14,2013,"Jan,Apr,Jul,Oct",NA,NA,NA,NA
"258","BEHBHHNISH",997,997,"a","c",29190,NA,NA,0,NA,NA,"",NA,NA,NA,NA
"259","BEHBHHNISH",960,960,"a","c",15320,3,2011,1,14,2013,"Feb,May,Aug,Nov",NA,NA,NA,NA
"260","BW",283,283,"a","c",19780,6,2008,0,NA,NA,"","Baden-Wurttemberg","Baden-Württemberg","Stuttgart","STR"
"261","BW",191,191,"a","c",4570,NA,NA,0,NA,NA,"","Baden-Wurttemberg","Baden-Württemberg","Stuttgart","STR"
"262","BW",873,873,"d","c",1450,4,2005,1,45,2009,"Feb,May,Aug,Nov","Baden-Wurttemberg","Baden-Württemberg","Stuttgart","STR"
"263","BW",48,48,"a","c",3450,NA,NA,0,NA,NA,"","Baden-Wurttemberg","Baden-Württemberg","Stuttgart","STR"
"264","BW",982,982,"a","a",14040,NA,NA,0,NA,NA,"","Baden-Wurttemberg","Baden-Württemberg","Stuttgart","STR"
"265","BW",490,490,"d","c",7660,9,2010,0,NA,NA,"","Baden-Wurttemberg","Baden-Württemberg","Stuttgart","STR"
"266","BW",645,645,"d","c",7930,NA,NA,1,1,2013,"Jan,Apr,Jul,Oct","Baden-Wurttemberg","Baden-Württemberg","Stuttgart","STR"
"267","BW",434,434,"d","a",4400,NA,NA,0,NA,NA,"","Baden-Wurttemberg","Baden-Württemberg","Stuttgart","STR"
"268","BW",519,519,"d","c",18640,9,2013,1,10,2014,"Mar,Jun,Sept,Dec","Baden-Wurttemberg","Baden-Württemberg","Stuttgart","STR"
"269","BW",781,781,"c","a",3040,9,2002,1,13,2010,"Jan,Apr,Jul,Oct","Baden-Wurttemberg","Baden-Württemberg","Stuttgart","STR"
"270","BW",41,41,"a","c",25430,5,1999,1,37,2009,"Jan,Apr,Jul,Oct","Baden-Wurttemberg","Baden-Württemberg","Stuttgart","STR"
"271","BW",303,303,"d","c",5010,NA,NA,1,5,2013,"Jan,Apr,Jul,Oct","Baden-Wurttemberg","Baden-Württemberg","Stuttgart","STR"
"272","BW",148,148,"d","c",15170,NA,NA,1,5,2013,"Feb,May,Aug,Nov","Baden-Wurttemberg","Baden-Württemberg","Stuttgart","STR"
"273","BW",447,447,"b","b",1430,NA,NA,0,NA,NA,"","Baden-Wurttemberg","Baden-Württemberg","Stuttgart","STR"
"274","BW",341,341,"d","c",4520,9,2010,1,31,2013,"Jan,Apr,Jul,Oct","Baden-Wurttemberg","Baden-Württemberg","Stuttgart","STR"
"275","BW",831,831,"d","c",8970,12,2007,1,22,2012,"Feb,May,Aug,Nov","Baden-Wurttemberg","Baden-Württemberg","Stuttgart","STR"
"276","BW",4,4,"a","a",780,9,2005,1,5,2013,"Feb,May,Aug,Nov","Baden-Wurttemberg","Baden-Württemberg","Stuttgart","STR"
"277","BW",463,463,"a","c",600,11,1999,1,10,2013,"Jan,Apr,Jul,Oct","Baden-Wurttemberg","Baden-Württemberg","Stuttgart","STR"
"278","BW",739,739,"d","c",9360,7,2013,1,22,2012,"Mar,Jun,Sept,Dec","Baden-Wurttemberg","Baden-Württemberg","Stuttgart","STR"
"279","BW",153,153,"d","c",4680,NA,NA,1,22,2012,"Mar,Jun,Sept,Dec","Baden-Wurttemberg","Baden-Württemberg","Stuttgart","STR"
"280","BW",415,415,"d","c",11120,NA,NA,1,22,2012,"Jan,Apr,Jul,Oct","Baden-Wurttemberg","Baden-Württemberg","Stuttgart","STR"
"281","BW",723,723,"a","c",9770,7,2003,0,NA,NA,"","Baden-Wurttemberg","Baden-Württemberg","Stuttgart","STR"
"282","BW",1000,1000,"c","a",2410,NA,NA,1,35,2011,"Jan,Apr,Jul,Oct","Baden-Wurttemberg","Baden-Württemberg","Stuttgart","STR"
"283","BW",712,712,"d","a",10310,4,2003,1,37,2009,"Jan,Apr,Jul,Oct","Baden-Wurttemberg","Baden-Württemberg","Stuttgart","STR"
"284","BW",165,165,"a","c",410,2,2006,0,NA,NA,"","Baden-Wurttemberg","Baden-Württemberg","Stuttgart","STR"
"285","BW",152,152,"a","a",350,NA,NA,1,5,2013,"Feb,May,Aug,Nov","Baden-Wurttemberg","Baden-Württemberg","Stuttgart","STR"
"286","BW",176,176,"a","c",7860,5,2005,0,NA,NA,"","Baden-Wurttemberg","Baden-Württemberg","Stuttgart","STR"
"287","BW",219,219,"a","a",210,11,2000,1,36,2013,"Mar,Jun,Sept,Dec","Baden-Wurttemberg","Baden-Württemberg","Stuttgart","STR"
"288","BW",38,38,"a","c",1420,NA,NA,1,10,2013,"Mar,Jun,Sept,Dec","Baden-Wurttemberg","Baden-Württemberg","Stuttgart","STR"
"289","BW",777,777,"a","a",2300,9,2010,0,NA,NA,"","Baden-Wurttemberg","Baden-Württemberg","Stuttgart","STR"
"290","BW",64,64,"d","c",12070,10,2005,1,10,2013,"Jan,Apr,Jul,Oct","Baden-Wurttemberg","Baden-Württemberg","Stuttgart","STR"
"291","BW",108,108,"a","c",5950,NA,NA,0,NA,NA,"","Baden-Wurttemberg","Baden-Württemberg","Stuttgart","STR"
"292","BW",269,269,"d","a",5470,NA,NA,1,37,2009,"Jan,Apr,Jul,Oct","Baden-Wurttemberg","Baden-Württemberg","Stuttgart","STR"
"293","BW",703,703,"d","c",8110,NA,NA,0,NA,NA,"","Baden-Wurttemberg","Baden-Württemberg","Stuttgart","STR"
"294","BW",702,702,"d","c",8250,10,2004,1,10,2013,"Mar,Jun,Sept,Dec","Baden-Wurttemberg","Baden-Württemberg","Stuttgart","STR"
"295","BW",998,998,"a","c",3340,NA,NA,1,22,2012,"Mar,Jun,Sept,Dec","Baden-Wurttemberg","Baden-Württemberg","Stuttgart","STR"
"296","BW",801,801,"c","c",2700,NA,NA,1,9,2011,"Mar,Jun,Sept,Dec","Baden-Wurttemberg","Baden-Württemberg","Stuttgart","STR"
"297","BW",345,345,"a","a",520,NA,NA,0,NA,NA,"","Baden-Wurttemberg","Baden-Württemberg","Stuttgart","STR"
"298","BW",574,574,"a","a",460,3,2014,1,13,2010,"Jan,Apr,Jul,Oct","Baden-Wurttemberg","Baden-Württemberg","Stuttgart","STR"
"299","BW",816,816,"a","c",4150,NA,NA,0,NA,NA,"","Baden-Wurttemberg","Baden-Württemberg","Stuttgart","STR"
"300","BW",926,926,"d","c",18010,9,2007,0,NA,NA,"","Baden-Wurttemberg","Baden-Württemberg","Stuttgart","STR"
"301","BW",561,561,"c","c",490,5,2007,1,13,2010,"Jan,Apr,Jul,Oct","Baden-Wurttemberg","Baden-Württemberg","Stuttgart","STR"
"302","BW",60,60,"c","c",1540,NA,NA,1,22,2012,"Mar,Jun,Sept,Dec","Baden-Wurttemberg","Baden-Württemberg","Stuttgart","STR"
"303","BW",73,73,"a","a",3320,NA,NA,0,NA,NA,"","Baden-Wurttemberg","Baden-Württemberg","Stuttgart","STR"
"304","BW",473,473,"c","c",450,NA,NA,1,5,2013,"Feb,May,Aug,Nov","Baden-Wurttemberg","Baden-Württemberg","Stuttgart","STR"
"305","BW",503,503,"a","c",3270,NA,NA,0,NA,NA,"","Baden-Wurttemberg","Baden-Württemberg","Stuttgart","STR"
"306","BW",755,755,"c","a",500,NA,NA,1,45,2009,"Feb,May,Aug,Nov","Baden-Wurttemberg","Baden-Württemberg","Stuttgart","STR"
"307","BW",761,761,"d","a",7660,NA,NA,1,37,2009,"Jan,Apr,Jul,Oct","Baden-Wurttemberg","Baden-Württemberg","Stuttgart","STR"
"308","BW",440,440,"d","c",1790,7,2013,1,40,2013,"Jan,Apr,Jul,Oct","Baden-Wurttemberg","Baden-Württemberg","Stuttgart","STR"
"309","BW",412,412,"c","a",240,4,2015,1,13,2010,"Jan,Apr,Jul,Oct","Baden-Wurttemberg","Baden-Württemberg","Stuttgart","STR"
"310","BW",387,387,"a","a",90,NA,NA,1,45,2009,"Feb,May,Aug,Nov","Baden-Wurttemberg","Baden-Württemberg","Stuttgart","STR"
"311","BW",195,195,"b","b",900,NA,NA,1,14,2013,"Feb,May,Aug,Nov","Baden-Wurttemberg","Baden-Württemberg","Stuttgart","STR"
"312","BW",745,745,"d","c",1280,NA,NA,1,10,2013,"Mar,Jun,Sept,Dec","Baden-Wurttemberg","Baden-Württemberg","Stuttgart","STR"
"313","BW",614,614,"c","a",470,3,2007,1,1,2012,"Jan,Apr,Jul,Oct","Baden-Wurttemberg","Baden-Württemberg","Stuttgart","STR"
"314","BW",800,800,"d","c",670,NA,NA,1,40,2011,"Jan,Apr,Jul,Oct","Baden-Wurttemberg","Baden-Württemberg","Stuttgart","STR"
"315","BW",753,753,"c","a",5780,11,1994,1,10,2014,"Mar,Jun,Sept,Dec","Baden-Wurttemberg","Baden-Württemberg","Stuttgart","STR"
"316","BW",839,839,"c","c",550,10,1999,1,45,2009,"Jan,Apr,Jul,Oct","Baden-Wurttemberg","Baden-Württemberg","Stuttgart","STR"
"317","BW",88,88,"c","a",1560,NA,NA,1,45,2009,"Feb,May,Aug,Nov","Baden-Wurttemberg","Baden-Württemberg","Stuttgart","STR"
"318","BW",49,49,"a","c",350,12,2007,1,1,2012,"Jan,Apr,Jul,Oct","Baden-Wurttemberg","Baden-Württemberg","Stuttgart","STR"
"319","BY",541,541,"d","c",6970,12,2005,1,22,2011,"Jan,Apr,Jul,Oct","Bavaria","Bayern","Munich","MUC"
"320","BY",325,325,"d","c",2320,NA,NA,1,40,2012,"Jan,Apr,Jul,Oct","Bavaria","Bayern","Munich","MUC"
"321","BY",299,299,"d","c",970,NA,NA,1,9,2011,"Mar,Jun,Sept,Dec","Bavaria","Bayern","Munich","MUC"
"322","BY",257,257,"a","a",370,7,2012,1,14,2011,"Jan,Apr,Jul,Oct","Bavaria","Bayern","Munich","MUC"
"323","BY",190,190,"a","a",110,NA,NA,1,40,2014,"Jan,Apr,Jul,Oct","Bavaria","Bayern","Munich","MUC"
"324","BY",525,525,"c","a",2410,NA,NA,1,45,2009,"Feb,May,Aug,Nov","Bavaria","Bayern","Munich","MUC"
"325","BY",163,163,"a","a",27190,7,2010,1,37,2009,"Jan,Apr,Jul,Oct","Bavaria","Bayern","Munich","MUC"
"326","BY",84,84,"d","c",12020,7,2009,0,NA,NA,"","Bavaria","Bayern","Munich","MUC"
"327","BY",687,687,"d","a",1500,9,2008,1,14,2011,"Jan,Apr,Jul,Oct","Bavaria","Bayern","Munich","MUC"
"328","BY",96,96,"d","a",260,2,2012,1,14,2011,"Jan,Apr,Jul,Oct","Bavaria","Bayern","Munich","MUC"
"329","BY",620,620,"d","a",5300,NA,NA,1,45,2009,"Feb,May,Aug,Nov","Bavaria","Bayern","Munich","MUC"
"330","BY",298,298,"a","a",2370,3,2011,1,40,2014,"Jan,Apr,Jul,Oct","Bavaria","Bayern","Munich","MUC"
"331","BY",228,228,"a","a",1470,12,2006,1,40,2014,"Jan,Apr,Jul,Oct","Bavaria","Bayern","Munich","MUC"
"332","BY",301,301,"a","a",16490,NA,NA,1,22,2012,"Jan,Apr,Jul,Oct","Bavaria","Bayern","Munich","MUC"
"333","BY",128,128,"a","c",190,6,2008,1,40,2011,"Jan,Apr,Jul,Oct","Bavaria","Bayern","Munich","MUC"
"334","BY",580,580,"c","c",1650,NA,NA,1,14,2011,"Jan,Apr,Jul,Oct","Bavaria","Bayern","Munich","MUC"
"335","BY",904,904,"a","a",2260,NA,NA,1,40,2014,"Jan,Apr,Jul,Oct","Bavaria","Bayern","Munich","MUC"
"336","BY",577,577,"d","c",10690,9,2007,1,5,2013,"Jan,Apr,Jul,Oct","Bavaria","Bayern","Munich","MUC"
"337","BY",294,294,"d","c",1180,NA,NA,1,31,2013,"Jan,Apr,Jul,Oct","Bavaria","Bayern","Munich","MUC"
"338","BY",28,28,"a","a",620,9,2014,0,NA,NA,"","Bavaria","Bayern","Munich","MUC"
"339","BY",295,295,"d","c",810,NA,NA,1,48,2012,"Jan,Apr,Jul,Oct","Bavaria","Bayern","Munich","MUC"
"340","BY",676,676,"d","a",310,NA,NA,1,45,2009,"Feb,May,Aug,Nov","Bavaria","Bayern","Munich","MUC"
"341","BY",5,5,"a","a",1700,1,2008,1,14,2011,"Jan,Apr,Jul,Oct","Bavaria","Bayern","Munich","MUC"
"342","BY",6,6,"d","a",2380,3,2013,1,40,2014,"Jan,Apr,Jul,Oct","Bavaria","Bayern","Munich","MUC"
"343","BY",472,472,"c","a",21770,7,2015,0,NA,NA,"","Bavaria","Bayern","Munich","MUC"
"344","BY",183,183,"a","a",4450,NA,NA,1,14,2011,"Jan,Apr,Jul,Oct","Bavaria","Bayern","Munich","MUC"
"345","BY",184,184,"a","a",290,10,2011,1,40,2014,"Jan,Apr,Jul,Oct","Bavaria","Bayern","Munich","MUC"
"346","BY",671,671,"d","a",7830,9,2014,1,10,2014,"Mar,Jun,Sept,Dec","Bavaria","Bayern","Munich","MUC"
"347","BY",204,204,"a","a",15700,NA,NA,1,13,2010,"Jan,Apr,Jul,Oct","Bavaria","Bayern","Munich","MUC"
"348","BY",186,186,"a","a",660,4,2013,1,40,2014,"Jan,Apr,Jul,Oct","Bavaria","Bayern","Munich","MUC"
"349","BY",726,726,"d","c",6330,6,2004,1,39,2010,"Jan,Apr,Jul,Oct","Bavaria","Bayern","Munich","MUC"
"350","BY",621,621,"a","a",150,3,2011,1,40,2014,"Jan,Apr,Jul,Oct","Bavaria","Bayern","Munich","MUC"
"351","BY",462,462,"d","c",5350,NA,NA,1,40,2012,"Jan,Apr,Jul,Oct","Bavaria","Bayern","Munich","MUC"
"352","BY",565,565,"a","a",130,NA,NA,1,1,2013,"Jan,Apr,Jul,Oct","Bavaria","Bayern","Munich","MUC"
"353","BY",767,767,"a","a",1730,7,2015,1,40,2014,"Jan,Apr,Jul,Oct","Bavaria","Bayern","Munich","MUC"
"354","BY",263,263,"d","a",1560,1,2014,1,10,2013,"Mar,Jun,Sept,Dec","Bavaria","Bayern","Munich","MUC"
"355","BY",15,15,"d","c",9820,NA,NA,0,NA,NA,"","Bavaria","Bayern","Munich","MUC"
"356","BY",208,208,"a","a",13090,NA,NA,1,22,2012,"Jan,Apr,Jul,Oct","Bavaria","Bayern","Munich","MUC"
"357","BY",369,369,"a","a",2060,NA,NA,1,45,2009,"Feb,May,Aug,Nov","Bavaria","Bayern","Munich","MUC"
"358","BY",617,617,"a","a",5890,10,2003,1,14,2011,"Feb,May,Aug,Nov","Bavaria","Bayern","Munich","MUC"
"359","BY",83,83,"a","a",770,5,2013,1,40,2014,"Jan,Apr,Jul,Oct","Bavaria","Bayern","Munich","MUC"
"360","BY",737,737,"d","a",10950,3,2014,0,NA,NA,"","Bavaria","Bayern","Munich","MUC"
"361","BY",484,484,"a","c",460,11,2012,1,40,2014,"Jan,Apr,Jul,Oct","Bavaria","Bayern","Munich","MUC"
"362","BY",983,983,"c","a",1600,8,2013,1,40,2014,"Jan,Apr,Jul,Oct","Bavaria","Bayern","Munich","MUC"
"363","BY",674,674,"a","a",1640,6,2006,1,40,2011,"Jan,Apr,Jul,Oct","Bavaria","Bayern","Munich","MUC"
"364","BY",689,689,"d","a",8530,3,2013,0,NA,NA,"","Bavaria","Bayern","Munich","MUC"
"365","BY",255,255,"a","a",120,NA,NA,1,22,2012,"Jan,Apr,Jul,Oct","Bavaria","Bayern","Munich","MUC"
"366","BY",344,344,"d","a",1740,6,2014,1,45,2009,"Feb,May,Aug,Nov","Bavaria","Bayern","Munich","MUC"
"367","BY",169,169,"d","c",3330,3,2015,1,13,2010,"Jan,Apr,Jul,Oct","Bavaria","Bayern","Munich","MUC"
"368","BY",747,747,"a","c",2230,5,2009,1,40,2014,"Jan,Apr,Jul,Oct","Bavaria","Bayern","Munich","MUC"
"369","BY",155,155,"d","a",1350,12,2005,1,13,2010,"Jan,Apr,Jul,Oct","Bavaria","Bayern","Munich","MUC"
"370","BY",51,51,"a","c",16570,NA,NA,0,NA,NA,"","Bavaria","Bayern","Munich","MUC"
"371","BY",266,266,"a","a",960,5,2008,1,13,2010,"Jan,Apr,Jul,Oct","Bavaria","Bayern","Munich","MUC"
"372","BY",980,980,"d","c",2770,6,2008,1,22,2011,"Jan,Apr,Jul,Oct","Bavaria","Bayern","Munich","MUC"
"373","BY",106,106,"a","a",7280,9,2012,1,1,2013,"Jan,Apr,Jul,Oct","Bavaria","Bayern","Munich","MUC"
"374","BY",954,954,"c","a",550,12,2013,1,40,2014,"Jan,Apr,Jul,Oct","Bavaria","Bayern","Munich","MUC"
"375","BY",512,512,"a","c",540,6,2003,1,40,2014,"Jan,Apr,Jul,Oct","Bavaria","Bayern","Munich","MUC"
"376","BY",928,928,"a","c",1140,5,2013,1,40,2014,"Jan,Apr,Jul,Oct","Bavaria","Bayern","Munich","MUC"
"377","BY",421,421,"d","c",16350,7,2005,1,31,2013,"Jan,Apr,Jul,Oct","Bavaria","Bayern","Munich","MUC"
"378","BY",126,126,"a","a",3370,12,2008,1,40,2014,"Jan,Apr,Jul,Oct","Bavaria","Bayern","Munich","MUC"
"379","BY",436,436,"a","a",2910,NA,NA,1,45,2009,"Feb,May,Aug,Nov","Bavaria","Bayern","Munich","MUC"
"380","BY",276,276,"a","a",1370,12,2011,1,40,2014,"Jan,Apr,Jul,Oct","Bavaria","Bayern","Munich","MUC"
"381","BY",544,544,"a","c",10570,7,2013,1,9,2011,"Jan,Apr,Jul,Oct","Bavaria","Bayern","Munich","MUC"
"382","BY",94,94,"d","c",9790,NA,NA,1,31,2009,"Feb,May,Aug,Nov","Bavaria","Bayern","Munich","MUC"
"383","BY",426,426,"d","a",24770,10,2011,1,10,2014,"Mar,Jun,Sept,Dec","Bavaria","Bayern","Munich","MUC"
"384","BY",683,683,"a","a",340,6,2003,1,40,2014,"Jan,Apr,Jul,Oct","Bavaria","Bayern","Munich","MUC"
"385","BY",279,279,"d","c",13140,NA,NA,1,31,2013,"Jan,Apr,Jul,Oct","Bavaria","Bayern","Munich","MUC"
"386","BY",39,39,"a","a",300,7,2000,1,40,2014,"Jan,Apr,Jul,Oct","Bavaria","Bayern","Munich","MUC"
"387","BY",766,766,"d","a",10170,11,2001,0,NA,NA,"","Bavaria","Bayern","Munich","MUC"
"388","BY",887,887,"d","a",3200,1,2008,1,22,2011,"Jan,Apr,Jul,Oct","Bavaria","Bayern","Munich","MUC"
"389","BY",660,660,"d","c",2190,9,2003,0,NA,NA,"","Bavaria","Bayern","Munich","MUC"
"390","BY",822,822,"c","c",8190,NA,NA,1,45,2009,"Feb,May,Aug,Nov","Bavaria","Bayern","Munich","MUC"
"391","BY",260,260,"d","a",770,7,2010,1,35,2010,"Jan,Apr,Jul,Oct","Bavaria","Bayern","Munich","MUC"
"392","BY",528,528,"a","c",2200,12,2010,1,22,2012,"Feb,May,Aug,Nov","Bavaria","Bayern","Munich","MUC"
"393","BY",46,46,"a","a",5100,4,2007,1,40,2014,"Jan,Apr,Jul,Oct","Bavaria","Bayern","Munich","MUC"
"394","BY",249,249,"d","a",260,NA,NA,1,44,2010,"Feb,May,Aug,Nov","Bavaria","Bayern","Munich","MUC"
"395","BY",222,222,"c","c",1200,7,2012,1,27,2012,"Jan,Apr,Jul,Oct","Bavaria","Bayern","Munich","MUC"
"396","BY",493,493,"d","c",20930,11,1999,0,NA,NA,"","Bavaria","Bayern","Munich","MUC"
"397","BY",252,252,"d","a",2960,12,2014,1,23,2015,"Mar,Jun,Sept,Dec","Bavaria","Bayern","Munich","MUC"
"398","BY",293,293,"d","c",3270,NA,NA,1,22,2012,"Jan,Apr,Jul,Oct","Bavaria","Bayern","Munich","MUC"
"399","BY",253,253,"a","a",20640,9,2007,0,NA,NA,"","Bavaria","Bayern","Munich","MUC"
"400","BY",656,656,"a","a",1600,6,2006,1,45,2009,"Feb,May,Aug,Nov","Bavaria","Bayern","Munich","MUC"
"401","BY",858,858,"d","a",300,5,2014,1,40,2014,"Jan,Apr,Jul,Oct","Bavaria","Bayern","Munich","MUC"
"402","BY",551,551,"a","a",590,1,1900,1,40,2014,"Jan,Apr,Jul,Oct","Bavaria","Bayern","Munich","MUC"
"403","BY",593,593,"d","a",150,NA,NA,1,45,2009,"Feb,May,Aug,Nov","Bavaria","Bayern","Munich","MUC"
"404","BY",366,366,"d","c",5440,NA,NA,1,40,2014,"Jan,Apr,Jul,Oct","Bavaria","Bayern","Munich","MUC"
"405","BY",784,784,"a","a",1200,12,2011,1,31,2013,"Jan,Apr,Jul,Oct","Bavaria","Bayern","Munich","MUC"
"406","BY",422,422,"a","a",230,7,2004,1,10,2014,"Jan,Apr,Jul,Oct","Bavaria","Bayern","Munich","MUC"
"407","BY",828,828,"d","a",2610,7,2006,1,14,2011,"Jan,Apr,Jul,Oct","Bavaria","Bayern","Munich","MUC"
"408","BY",382,382,"d","c",12870,10,2008,0,NA,NA,"","Bavaria","Bayern","Munich","MUC"
"409","BY",35,35,"a","a",3920,4,2005,1,40,2014,"Jan,Apr,Jul,Oct","Bavaria","Bayern","Munich","MUC"
"410","BY",121,121,"d","c",19960,3,2006,0,NA,NA,"","Bavaria","Bayern","Munich","MUC"
"411","BY",144,144,"d","a",19840,7,2009,0,NA,NA,"","Bavaria","Bayern","Munich","MUC"
"412","BY",146,146,"a","a",990,NA,NA,1,40,2014,"Jan,Apr,Jul,Oct","Bavaria","Bayern","Munich","MUC"
"413","BY",267,267,"a","a",3720,4,2005,1,13,2010,"Jan,Apr,Jul,Oct","Bavaria","Bayern","Munich","MUC"
"414","BY",268,268,"a","a",380,5,2011,1,40,2014,"Jan,Apr,Jul,Oct","Bavaria","Bayern","Munich","MUC"
"415","BY",966,966,"d","c",7160,11,2012,1,9,2011,"Jan,Apr,Jul,Oct","Bavaria","Bayern","Munich","MUC"
"416","BY",377,377,"d","c",330,9,2006,1,14,2011,"Jan,Apr,Jul,Oct","Bavaria","Bayern","Munich","MUC"
"417","BY",984,984,"a","a",2410,NA,NA,1,40,2014,"Jan,Apr,Jul,Oct","Bavaria","Bayern","Munich","MUC"
"418","BY",194,194,"d","c",2490,11,2012,1,31,2009,"Jan,Apr,Jul,Oct","Bavaria","Bayern","Munich","MUC"
"419","BY",72,72,"a","a",1290,NA,NA,1,35,2011,"Mar,Jun,Sept,Dec","Bavaria","Bayern","Munich","MUC"
"420","BY",154,154,"d","c",7840,NA,NA,1,31,2009,"Feb,May,Aug,Nov","Bavaria","Bayern","Munich","MUC"
"421","BY",680,680,"d","a",1450,3,2012,1,14,2011,"Jan,Apr,Jul,Oct","Bavaria","Bayern","Munich","MUC"
"422","BY",532,532,"c","a",1200,9,2005,1,14,2011,"Jan,Apr,Jul,Oct","Bavaria","Bayern","Munich","MUC"
"423","BY",774,774,"c","a",2740,5,2009,1,40,2014,"Jan,Apr,Jul,Oct","Bavaria","Bayern","Munich","MUC"
"424","BY",77,77,"a","a",280,NA,NA,1,45,2009,"Feb,May,Aug,Nov","Bavaria","Bayern","Munich","MUC"
"425","BY",359,359,"a","c",640,NA,NA,1,9,2011,"Mar,Jun,Sept,Dec","Bavaria","Bayern","Munich","MUC"
"426","BY",643,643,"a","a",4870,9,2007,1,45,2009,"Jan,Apr,Jul,Oct","Bavaria","Bayern","Munich","MUC"
"427","BY",80,80,"a","a",1100,8,2013,1,40,2014,"Jan,Apr,Jul,Oct","Bavaria","Bayern","Munich","MUC"
"428","BY",913,913,"a","a",1160,9,2005,1,13,2010,"Jan,Apr,Jul,Oct","Bavaria","Bayern","Munich","MUC"
"429","BY",631,631,"d","a",17080,7,2012,1,31,2013,"Jan,Apr,Jul,Oct","Bavaria","Bayern","Munich","MUC"
"430","BY",337,337,"a","a",2380,7,2004,1,40,2014,"Jan,Apr,Jul,Oct","Bavaria","Bayern","Munich","MUC"
"431","BY",243,243,"d","a",8670,2,2002,1,14,2011,"Jan,Apr,Jul,Oct","Bavaria","Bayern","Munich","MUC"
"432","BY",810,810,"a","a",13020,8,2003,1,40,2014,"Jan,Apr,Jul,Oct","Bavaria","Bayern","Munich","MUC"
"433","BY",731,731,"a","c",1620,9,2006,0,NA,NA,"","Bavaria","Bayern","Munich","MUC"
"434","BY",934,934,"a","a",850,11,2012,1,40,2014,"Jan,Apr,Jul,Oct","Bavaria","Bayern","Munich","MUC"
"435","BY",785,785,"a","c",1650,NA,NA,1,40,2014,"Jan,Apr,Jul,Oct","Bavaria","Bayern","Munich","MUC"
"436","BY",639,639,"d","c",8990,11,2009,1,35,2010,"Mar,Jun,Sept,Dec","Bavaria","Bayern","Munich","MUC"
"437","BY",90,90,"a","a",1190,11,2012,1,36,2013,"Jan,Apr,Jul,Oct","Bavaria","Bayern","Munich","MUC"
"438","BY",212,212,"d","c",570,7,2013,1,14,2011,"Jan,Apr,Jul,Oct","Bavaria","Bayern","Munich","MUC"
"439","BY",414,414,"d","a",1200,9,2009,1,45,2009,"Jan,Apr,Jul,Oct","Bavaria","Bayern","Munich","MUC"
"440","BY",952,952,"d","c",2330,NA,NA,1,49,2014,"Mar,Jun,Sept,Dec","Bavaria","Bayern","Munich","MUC"
"441","BY",483,483,"d","a",510,7,2014,1,23,2015,"Mar,Jun,Sept,Dec","Bavaria","Bayern","Munich","MUC"
"442","BY",469,469,"d","c",3840,10,2008,1,39,2010,"Feb,May,Aug,Nov","Bavaria","Bayern","Munich","MUC"
"443","BY",996,996,"a","c",7340,5,2008,1,27,2012,"Jan,Apr,Jul,Oct","Bavaria","Bayern","Munich","MUC"
"444","BY",700,700,"b","b",590,NA,NA,1,5,2013,"Mar,Jun,Sept,Dec","Bavaria","Bayern","Munich","MUC"
"445","BY",98,98,"a","a",850,2,2012,1,40,2014,"Jan,Apr,Jul,Oct","Bavaria","Bayern","Munich","MUC"
"446","BY",583,583,"a","a",9670,NA,NA,0,NA,NA,"","Bavaria","Bayern","Munich","MUC"
"447","BY",182,182,"a","a",1400,6,2012,1,13,2010,"Jan,Apr,Jul,Oct","Bavaria","Bayern","Munich","MUC"
"448","BY",397,397,"d","a",2340,5,2009,1,40,2014,"Jan,Apr,Jul,Oct","Bavaria","Bayern","Munich","MUC"
"449","BY",491,491,"d","c",5740,4,2007,1,40,2014,"Jan,Apr,Jul,Oct","Bavaria","Bayern","Munich","MUC"
"450","BY",197,197,"a","a",1740,3,2008,1,40,2012,"Jan,Apr,Jul,Oct","Bavaria","Bayern","Munich","MUC"
"451","BY",143,143,"a","a",2460,NA,NA,1,14,2011,"Jan,Apr,Jul,Oct","Bavaria","Bayern","Munich","MUC"
"452","BY",494,494,"a","a",310,5,2015,1,40,2014,"Jan,Apr,Jul,Oct","Bavaria","Bayern","Munich","MUC"
"453","BY",817,817,"d","c",250,NA,NA,1,27,2012,"Jan,Apr,Jul,Oct","Bavaria","Bayern","Munich","MUC"
"454","BY",232,232,"d","a",3050,NA,NA,1,35,2010,"Jan,Apr,Jul,Oct","Bavaria","Bayern","Munich","MUC"
"455","BY",523,523,"a","c",2070,2,2008,1,39,2010,"Jan,Apr,Jul,Oct","Bavaria","Bayern","Munich","MUC"
"456","BY",678,678,"a","a",310,NA,NA,1,5,2013,"Feb,May,Aug,Nov","Bavaria","Bayern","Munich","MUC"
"457","BY",918,918,"d","a",2110,11,1995,1,40,2014,"Jan,Apr,Jul,Oct","Bavaria","Bayern","Munich","MUC"
"458","BY",838,838,"c","a",3490,4,2011,1,22,2012,"Jan,Apr,Jul,Oct","Bavaria","Bayern","Munich","MUC"
"459","BY",636,636,"c","a",720,10,2004,1,13,2010,"Jan,Apr,Jul,Oct","Bavaria","Bayern","Munich","MUC"
"460","BY",641,641,"a","c",760,9,2014,0,NA,NA,"","Bavaria","Bayern","Munich","MUC"
"461","BY",705,705,"d","a",11640,4,2005,1,22,2011,"Jan,Apr,Jul,Oct","Bavaria","Bayern","Munich","MUC"
"462","BY",775,775,"a","a",5630,12,2002,1,40,2014,"Jan,Apr,Jul,Oct","Bavaria","Bayern","Munich","MUC"
"463","BY",451,451,"d","c",680,NA,NA,1,22,2012,"Jan,Apr,Jul,Oct","Bavaria","Bayern","Munich","MUC"
"464","BY",608,608,"a","a",12610,3,2013,1,14,2011,"Jan,Apr,Jul,Oct","Bavaria","Bayern","Munich","MUC"
"465","BY",882,882,"d","c",450,4,2014,1,39,2010,"Jan,Apr,Jul,Oct","Bavaria","Bayern","Munich","MUC"
"466","BY",619,619,"a","a",2200,12,2009,1,13,2010,"Jan,Apr,Jul,Oct","Bavaria","Bayern","Munich","MUC"
"467","BY",664,664,"d","c",2740,7,2014,1,13,2010,"Jan,Apr,Jul,Oct","Bavaria","Bayern","Munich","MUC"
"468","BY",558,558,"a","a",2090,10,2012,1,40,2014,"Jan,Apr,Jul,Oct","Bavaria","Bayern","Munich","MUC"
"469","BY",609,609,"d","c",1200,11,2007,0,NA,NA,"","Bavaria","Bayern","Munich","MUC"
"470","BY",516,516,"a","c",70,7,2005,1,13,2010,"Jan,Apr,Jul,Oct","Bavaria","Bayern","Munich","MUC"
"471","BY",905,905,"a","c",1680,NA,NA,1,45,2009,"Feb,May,Aug,Nov","Bavaria","Bayern","Munich","MUC"
"472","BY",999,999,"d","c",1040,NA,NA,1,27,2012,"Jan,Apr,Jul,Oct","Bavaria","Bayern","Munich","MUC"
"473","BY",277,277,"d","a",1290,NA,NA,1,40,2014,"Jan,Apr,Jul,Oct","Bavaria","Bayern","Munich","MUC"
"474","BY",502,502,"a","a",8080,12,2002,1,40,2014,"Jan,Apr,Jul,Oct","Bavaria","Bayern","Munich","MUC"
"475","BY",513,513,"d","c",6300,10,2013,0,NA,NA,"","Bavaria","Bayern","Munich","MUC"
"476","BY",769,769,"a","a",1040,NA,NA,1,22,2012,"Jan,Apr,Jul,Oct","Bavaria","Bayern","Munich","MUC"
"477","BY",97,97,"a","a",1420,10,2012,1,40,2014,"Jan,Apr,Jul,Oct","Bavaria","Bayern","Munich","MUC"
"478","BY",531,531,"d","a",17930,NA,NA,0,NA,NA,"","Bavaria","Bayern","Munich","MUC"
"479","BY",582,582,"d","a",800,NA,NA,1,14,2011,"Mar,Jun,Sept,Dec","Bavaria","Bayern","Munich","MUC"
"480","BY",957,957,"d","a",NA,NA,NA,1,5,2013,"Feb,May,Aug,Nov","Bavaria","Bayern","Munich","MUC"
"481","HE",605,605,"a","c",350,NA,NA,0,NA,NA,"","Hesse","Hessen","Wiesbaden","FRA"
"482","HE",567,567,"b","b",3640,NA,NA,1,10,2013,"Jan,Apr,Jul,Oct","Hesse","Hessen","Wiesbaden","FRA"
"483","HE",321,321,"a","c",14600,4,2015,0,NA,NA,"","Hesse","Hessen","Wiesbaden","FRA"
"484","HE",428,428,"d","c",2140,7,2013,0,NA,NA,"","Hesse","Hessen","Wiesbaden","FRA"
"485","HE",215,215,"d","c",10890,4,2005,0,NA,NA,"","Hesse","Hessen","Wiesbaden","FRA"
"486","HE",241,241,"d","c",9910,NA,NA,0,NA,NA,"","Hesse","Hessen","Wiesbaden","FRA"
"487","HE",408,408,"d","a",730,8,2007,0,NA,NA,"","Hesse","Hessen","Wiesbaden","FRA"
"488","HE",404,404,"a","c",120,4,2009,1,1,2012,"Jan,Apr,Jul,Oct","Hesse","Hessen","Wiesbaden","FRA"
"489","HE",455,455,"a","a",200,NA,NA,0,NA,NA,"","Hesse","Hessen","Wiesbaden","FRA"
"490","HE",45,45,"a","a",2710,7,2001,1,22,2012,"Mar,Jun,Sept,Dec","Hesse","Hessen","Wiesbaden","FRA"
"491","HE",103,103,"d","a",15040,10,2004,0,NA,NA,"","Hesse","Hessen","Wiesbaden","FRA"
"492","HE",334,334,"d","a",2810,NA,NA,1,10,2014,"Jan,Apr,Jul,Oct","Hesse","Hessen","Wiesbaden","FRA"
"493","HE",145,145,"c","a",3390,NA,NA,0,NA,NA,"","Hesse","Hessen","Wiesbaden","FRA"
"494","HE",668,668,"a","c",1590,NA,NA,1,37,2009,"Jan,Apr,Jul,Oct","Hesse","Hessen","Wiesbaden","FRA"
"495","HE",872,872,"c","c",2470,2,2005,1,31,2013,"Mar,Jun,Sept,Dec","Hesse","Hessen","Wiesbaden","FRA"
"496","HE",56,56,"d","c",2000,NA,NA,1,1,2013,"Jan,Apr,Jul,Oct","Hesse","Hessen","Wiesbaden","FRA"
"497","HE",177,177,"a","a",1890,NA,NA,0,NA,NA,"","Hesse","Hessen","Wiesbaden","FRA"
"498","HE",185,185,"a","c",120,12,2014,1,37,2009,"Jan,Apr,Jul,Oct","Hesse","Hessen","Wiesbaden","FRA"
"499","HE",178,178,"c","a",6270,8,2005,1,23,2014,"Mar,Jun,Sept,Dec","Hesse","Hessen","Wiesbaden","FRA"
"500","HE",555,555,"a","a",4740,7,2008,1,37,2009,"Jan,Apr,Jul,Oct","Hesse","Hessen","Wiesbaden","FRA"
"501","HE",368,368,"d","c",1360,8,2005,1,10,2014,"Jan,Apr,Jul,Oct","Hesse","Hessen","Wiesbaden","FRA"
"502","HE",607,607,"d","a",19700,NA,NA,1,37,2009,"Jan,Apr,Jul,Oct","Hesse","Hessen","Wiesbaden","FRA"
"503","HE",465,465,"a","a",16180,7,2003,1,14,2011,"Jan,Apr,Jul,Oct","Hesse","Hessen","Wiesbaden","FRA"
"504","HE",142,142,"a","a",910,12,2014,1,37,2009,"Jan,Apr,Jul,Oct","Hesse","Hessen","Wiesbaden","FRA"
"505","HE",425,425,"d","a",5070,NA,NA,1,45,2009,"Feb,May,Aug,Nov","Hesse","Hessen","Wiesbaden","FRA"
"506","HE",615,615,"c","a",900,NA,NA,1,13,2010,"Jan,Apr,Jul,Oct","Hesse","Hessen","Wiesbaden","FRA"
"507","HE",803,803,"a","a",2050,3,2007,0,NA,NA,"","Hesse","Hessen","Wiesbaden","FRA"
"508","HE",885,885,"a","c",830,NA,NA,1,27,2013,"Jan,Apr,Jul,Oct","Hesse","Hessen","Wiesbaden","FRA"
"509","HE",402,402,"c","a",940,4,2004,1,14,2011,"Jan,Apr,Jul,Oct","Hesse","Hessen","Wiesbaden","FRA"
"510","HE",70,70,"a","a",180,11,2013,1,18,2011,"Feb,May,Aug,Nov","Hesse","Hessen","Wiesbaden","FRA"
"511","HE",807,807,"d","a",5190,NA,NA,1,1,2013,"Jan,Apr,Jul,Oct","Hesse","Hessen","Wiesbaden","FRA"
"512","HE",796,796,"d","c",840,NA,NA,1,1,2013,"Jan,Apr,Jul,Oct","Hesse","Hessen","Wiesbaden","FRA"
"513","HE",930,930,"a","a",3150,5,2005,0,NA,NA,"","Hesse","Hessen","Wiesbaden","FRA"
"514","HE",797,797,"d","a",11300,3,2012,0,NA,NA,"","Hesse","Hessen","Wiesbaden","FRA"
"515","HE",62,62,"d","a",3520,NA,NA,1,18,2012,"Feb,May,Aug,Nov","Hesse","Hessen","Wiesbaden","FRA"
"516","HE",223,223,"a","a",4260,7,2008,1,37,2009,"Jan,Apr,Jul,Oct","Hesse","Hessen","Wiesbaden","FRA"
"517","HE",813,813,"d","a",450,NA,NA,1,40,2011,"Jan,Apr,Jul,Oct","Hesse","Hessen","Wiesbaden","FRA"
"518","HE",290,290,"d","c",5350,NA,NA,1,22,2012,"Mar,Jun,Sept,Dec","Hesse","Hessen","Wiesbaden","FRA"
"519","HE",789,789,"d","a",9680,NA,NA,1,5,2013,"Feb,May,Aug,Nov","Hesse","Hessen","Wiesbaden","FRA"
"520","HE",695,695,"a","c",680,7,2005,0,NA,NA,"","Hesse","Hessen","Wiesbaden","FRA"
"521","HE",454,454,"a","c",360,NA,NA,1,18,2013,"Feb,May,Aug,Nov","Hesse","Hessen","Wiesbaden","FRA"
"522","HE",336,336,"a","c",1310,NA,NA,0,NA,NA,"","Hesse","Hessen","Wiesbaden","FRA"
"523","HE",847,847,"d","c",6620,3,2012,1,10,2014,"Mar,Jun,Sept,Dec","Hesse","Hessen","Wiesbaden","FRA"
"524","HE",941,941,"c","a",1270,9,2008,0,NA,NA,"","Hesse","Hessen","Wiesbaden","FRA"
"525","HE",284,284,"d","c",1340,10,2006,1,5,2013,"Feb,May,Aug,Nov","Hesse","Hessen","Wiesbaden","FRA"
"526","HE",903,903,"d","c",8460,NA,NA,0,NA,NA,"","Hesse","Hessen","Wiesbaden","FRA"
"527","HE",690,690,"c","a",1080,12,2012,0,NA,NA,"","Hesse","Hessen","Wiesbaden","FRA"
"528","HE",892,892,"d","c",4270,NA,NA,1,1,2013,"Jan,Apr,Jul,Oct","Hesse","Hessen","Wiesbaden","FRA"
"529","HE",732,732,"d","a",1360,NA,NA,1,35,2010,"Mar,Jun,Sept,Dec","Hesse","Hessen","Wiesbaden","FRA"
"530","HE",786,786,"d","c",5840,7,2010,1,37,2009,"Jan,Apr,Jul,Oct","Hesse","Hessen","Wiesbaden","FRA"
"531","HE",666,666,"a","a",190,7,2014,0,NA,NA,"","Hesse","Hessen","Wiesbaden","FRA"
"532","HE",949,949,"d","c",6860,NA,NA,1,18,2011,"Jan,Apr,Jul,Oct","Hesse","Hessen","Wiesbaden","FRA"
"533","HE",708,708,"d","c",13170,8,2014,1,9,2011,"Mar,Jun,Sept,Dec","Hesse","Hessen","Wiesbaden","FRA"
"534","HE",346,346,"d","a",2290,12,2014,1,37,2009,"Jan,Apr,Jul,Oct","Hesse","Hessen","Wiesbaden","FRA"
"535","HE",670,670,"d","c",50,6,2015,0,NA,NA,"","Hesse","Hessen","Wiesbaden","FRA"
"536","HE",820,820,"d","c",5140,5,2010,0,NA,NA,"","Hesse","Hessen","Wiesbaden","FRA"
"537","HE",67,67,"a","c",1610,NA,NA,0,NA,NA,"","Hesse","Hessen","Wiesbaden","FRA"
"538","HE",675,675,"d","c",16420,NA,NA,0,NA,NA,"","Hesse","Hessen","Wiesbaden","FRA"
"539","HE",69,69,"b","b",1410,9,2008,0,NA,NA,"","Hesse","Hessen","Wiesbaden","FRA"
"540","HE",474,474,"d","c",5870,4,2014,0,NA,NA,"","Hesse","Hessen","Wiesbaden","FRA"
"541","HE",837,837,"d","c",7890,NA,NA,1,37,2009,"Jan,Apr,Jul,Oct","Hesse","Hessen","Wiesbaden","FRA"
"542","HE",99,99,"a","a",5710,3,2012,1,37,2009,"Jan,Apr,Jul,Oct","Hesse","Hessen","Wiesbaden","FRA"
"543","HE",638,638,"d","c",70,11,2010,1,5,2013,"Feb,May,Aug,Nov","Hesse","Hessen","Wiesbaden","FRA"
"544","HE",477,477,"d","c",1970,7,2009,1,45,2014,"Feb,May,Aug,Nov","Hesse","Hessen","Wiesbaden","FRA"
"545","HE",962,962,"a","a",1980,7,2010,1,37,2009,"Jan,Apr,Jul,Oct","Hesse","Hessen","Wiesbaden","FRA"
"546","HE",439,439,"a","a",120,NA,NA,0,NA,NA,"","Hesse","Hessen","Wiesbaden","FRA"
"547","HE",117,117,"a","a",90,7,2010,0,NA,NA,"","Hesse","Hessen","Wiesbaden","FRA"
"548","HE",320,320,"d","c",2190,12,2007,1,9,2011,"Mar,Jun,Sept,Dec","Hesse","Hessen","Wiesbaden","FRA"
"549","HE",805,805,"d","c",1390,NA,NA,1,9,2011,"Mar,Jun,Sept,Dec","Hesse","Hessen","Wiesbaden","FRA"
"550","HE",725,725,"d","c",10620,NA,NA,0,NA,NA,"","Hesse","Hessen","Wiesbaden","FRA"
"551","HE",968,968,"d","a",8990,NA,NA,1,31,2009,"Feb,May,Aug,Nov","Hesse","Hessen","Wiesbaden","FRA"
"552","HE",929,929,"c","c",1130,NA,NA,1,40,2011,"Jan,Apr,Jul,Oct","Hesse","Hessen","Wiesbaden","FRA"
"553","HE",728,728,"d","c",3760,2,2009,0,NA,NA,"","Hesse","Hessen","Wiesbaden","FRA"
"554","HE",850,850,"d","c",10600,7,2005,1,45,2014,"Feb,May,Aug,Nov","Hesse","Hessen","Wiesbaden","FRA"
"555","HE",811,811,"d","c",6210,NA,NA,1,1,2013,"Jan,Apr,Jul,Oct","Hesse","Hessen","Wiesbaden","FRA"
"556","HE",489,489,"a","a",220,2,2002,1,37,2009,"Jan,Apr,Jul,Oct","Hesse","Hessen","Wiesbaden","FRA"
"557","HE",853,853,"d","c",4330,2,2011,1,35,2011,"Mar,Jun,Sept,Dec","Hesse","Hessen","Wiesbaden","FRA"
"558","HE",612,612,"a","a",40,8,2015,0,NA,NA,"","Hesse","Hessen","Wiesbaden","FRA"
"559","HE",89,89,"a","a",3870,4,2008,0,NA,NA,"","Hesse","Hessen","Wiesbaden","FRA"
"560","HE",130,130,"d","a",8220,4,2014,1,14,2011,"Jan,Apr,Jul,Oct","Hesse","Hessen","Wiesbaden","FRA"
"561","HE",978,978,"d","a",1590,3,2012,0,NA,NA,"","Hesse","Hessen","Wiesbaden","FRA"
"562","HE",939,939,"d","a",6540,12,2007,0,NA,NA,"","Hesse","Hessen","Wiesbaden","FRA"
"563","HE",93,93,"c","c",3970,3,2010,0,NA,NA,"","Hesse","Hessen","Wiesbaden","FRA"
"564","HE",134,134,"c","a",110,NA,NA,0,NA,NA,"","Hesse","Hessen","Wiesbaden","FRA"
"565","HE",782,782,"a","a",450,NA,NA,0,NA,NA,"","Hesse","Hessen","Wiesbaden","FRA"
"566","HE",499,499,"a","a",180,NA,NA,1,5,2013,"Jan,Apr,Jul,Oct","Hesse","Hessen","Wiesbaden","FRA"
"567","HE",420,420,"a","a",16680,NA,NA,1,37,2009,"Jan,Apr,Jul,Oct","Hesse","Hessen","Wiesbaden","FRA"
"568","HE",945,945,"d","a",490,NA,NA,1,35,2010,"Mar,Jun,Sept,Dec","Hesse","Hessen","Wiesbaden","FRA"
"569","HE",744,744,"d","c",9070,12,2003,0,NA,NA,"","Hesse","Hessen","Wiesbaden","FRA"
"570","HE",342,342,"d","a",6880,9,2001,1,14,2011,"Jan,Apr,Jul,Oct","Hesse","Hessen","Wiesbaden","FRA"
"571","HE",262,262,"a","c",1090,7,2010,1,1,2013,"Jan,Apr,Jul,Oct","Hesse","Hessen","Wiesbaden","FRA"
"572","HE",505,505,"a","c",22490,NA,NA,0,NA,NA,"","Hesse","Hessen","Wiesbaden","FRA"
"573","HE",748,748,"a","a",2410,NA,NA,0,NA,NA,"","Hesse","Hessen","Wiesbaden","FRA"
"574","HE",870,870,"a","a",1100,6,2015,0,NA,NA,"","Hesse","Hessen","Wiesbaden","FRA"
"575","HE",508,508,"a","a",9580,5,2007,1,45,2014,"Feb,May,Aug,Nov","Hesse","Hessen","Wiesbaden","FRA"
"576","HE",993,993,"d","a",1760,NA,NA,1,10,2014,"Mar,Jun,Sept,Dec","Hesse","Hessen","Wiesbaden","FRA"
"577","HE",349,349,"d","c",11540,NA,NA,1,5,2013,"Feb,May,Aug,Nov","Hesse","Hessen","Wiesbaden","FRA"
"578","HE",552,552,"d","a",410,4,2009,1,13,2010,"Jan,Apr,Jul,Oct","Hesse","Hessen","Wiesbaden","FRA"
"579","HE",956,956,"a","a",90,12,2012,1,14,2011,"Jan,Apr,Jul,Oct","Hesse","Hessen","Wiesbaden","FRA"
"580","HE",917,917,"c","c",340,NA,NA,0,NA,NA,"","Hesse","Hessen","Wiesbaden","FRA"
"581","HE",30,30,"b","b",210,NA,NA,0,NA,NA,"","Hesse","Hessen","Wiesbaden","FRA"
"582","HE",275,275,"d","c",1090,8,2009,1,10,2014,"Jan,Apr,Jul,Oct","Hesse","Hessen","Wiesbaden","FRA"
"583","HE",879,879,"a","a",190,NA,NA,1,13,2010,"Jan,Apr,Jul,Oct","Hesse","Hessen","Wiesbaden","FRA"
"584","NWRP",3,3,"a","c",100,4,2014,1,31,2013,"Jan,Apr,Jul,Oct",NA,NA,NA,NA
"585","NWRP",246,246,"d","c",22560,NA,NA,1,14,2013,"Jan,Apr,Jul,Oct",NA,NA,NA,NA
"586","NWRP",247,247,"d","c",1460,4,2014,1,31,2013,"Jan,Apr,Jul,Oct",NA,NA,NA,NA
"587","NWRP",127,127,"d","c",15140,12,2006,1,1,2012,"Jan,Apr,Jul,Oct",NA,NA,NA,NA
"588","NWRP",7,7,"a","a",550,7,2011,1,1,2012,"Jan,Apr,Jul,Oct",NA,NA,NA,NA
"589","NWRP",9,9,"a","a",330,NA,NA,0,NA,NA,"",NA,NA,NA,NA
"590","NWRP",13,13,"a","c",180,NA,NA,1,35,2010,"Mar,Jun,Sept,Dec",NA,NA,NA,NA
"591","NWRP",135,135,"a","a",90,6,2014,0,NA,NA,"",NA,NA,NA,NA
"592","NWRP",136,136,"a","c",840,NA,NA,1,10,2014,"Jan,Apr,Jul,Oct",NA,NA,NA,NA
"593","NWRP",18,18,"d","a",2020,7,2014,0,NA,NA,"",NA,NA,NA,NA
"594","NWRP",21,21,"d","a",9710,2,2014,0,NA,NA,"",NA,NA,NA,NA
"595","NWRP",23,23,"a","a",150,12,2007,1,10,2014,"Mar,Jun,Sept,Dec",NA,NA,NA,NA
"596","NWRP",24,24,"d","a",980,7,2014,1,18,2014,"Feb,May,Aug,Nov",NA,NA,NA,NA
"597","NWRP",26,26,"a","a",3130,7,2002,0,NA,NA,"",NA,NA,NA,NA
"598","NWRP",27,27,"d","a",7910,NA,NA,0,NA,NA,"",NA,NA,NA,NA
"599","NWRP",31,31,"a","a",190,11,2012,0,NA,NA,"",NA,NA,NA,NA
"600","NWRP",156,156,"a","a",4140,9,2012,1,18,2011,"Feb,May,Aug,Nov",NA,NA,NA,NA
"601","NWRP",37,37,"a","c",210,NA,NA,1,31,2013,"Jan,Apr,Jul,Oct",NA,NA,NA,NA
"602","NWRP",405,405,"a","c",340,NA,NA,0,NA,NA,"",NA,NA,NA,NA
"603","NWRP",166,166,"a","a",3410,8,2011,1,14,2015,"Jan,Apr,Jul,Oct",NA,NA,NA,NA
"604","NWRP",167,167,"a","a",480,2,2005,1,31,2013,"Jan,Apr,Jul,Oct",NA,NA,NA,NA
"605","NWRP",47,47,"a","c",3430,NA,NA,1,31,2013,"Feb,May,Aug,Nov",NA,NA,NA,NA
"606","NWRP",411,411,"a","c",3970,9,2009,0,NA,NA,"",NA,NA,NA,NA
"607","NWRP",170,170,"a","a",390,2,2013,1,10,2014,"Jan,Apr,Jul,Oct",NA,NA,NA,NA
"608","NWRP",172,172,"a","c",480,NA,NA,0,NA,NA,"",NA,NA,NA,NA
"609","NWRP",54,54,"b","b",720,3,2002,0,NA,NA,"",NA,NA,NA,NA
"610","NWRP",540,540,"d","c",10800,NA,NA,1,18,2011,"Feb,May,Aug,Nov",NA,NA,NA,NA
"611","NWRP",58,58,"c","a",20970,11,2012,0,NA,NA,"",NA,NA,NA,NA
"612","NWRP",59,59,"a","c",220,NA,NA,0,NA,NA,"",NA,NA,NA,NA
"613","NWRP",304,304,"c","a",3250,NA,NA,1,40,2011,"Jan,Apr,Jul,Oct",NA,NA,NA,NA
"614","NWRP",306,306,"a","a",2220,12,2011,1,14,2015,"Jan,Apr,Jul,Oct",NA,NA,NA,NA
"615","NWRP",66,66,"a","a",30,4,2013,0,NA,NA,"",NA,NA,NA,NA
"616","NWRP",188,188,"a","a",4080,3,2011,1,13,2010,"Jan,Apr,Jul,Oct",NA,NA,NA,NA
"617","NWRP",68,68,"d","a",1340,NA,NA,0,NA,NA,"",NA,NA,NA,NA
"618","NWRP",311,311,"a","a",16690,NA,NA,1,14,2011,"Jan,Apr,Jul,Oct",NA,NA,NA,NA
"619","NWRP",312,312,"d","a",8250,10,2000,1,31,2009,"Jan,Apr,Jul,Oct",NA,NA,NA,NA
"620","NWRP",193,193,"a","c",100,4,2015,0,NA,NA,"",NA,NA,NA,NA
"621","NWRP",315,315,"a","c",3560,9,2013,1,36,2013,"Jan,Apr,Jul,Oct",NA,NA,NA,NA
"622","NWRP",75,75,"a","a",320,NA,NA,1,45,2009,"Feb,May,Aug,Nov",NA,NA,NA,NA
"623","NWRP",318,318,"d","a",5760,7,2014,0,NA,NA,"",NA,NA,NA,NA
"624","NWRP",198,198,"a","a",1300,3,2014,1,40,2011,"Jan,Apr,Jul,Oct",NA,NA,NA,NA
"625","NWRP",78,78,"a","a",180,3,2008,1,31,2013,"Feb,May,Aug,Nov",NA,NA,NA,NA
"626","NWRP",79,79,"d","a",850,NA,NA,1,18,2011,"Feb,May,Aug,Nov",NA,NA,NA,NA
"627","NWRP",201,201,"a","c",2970,3,2005,0,NA,NA,"",NA,NA,NA,NA
"628","NWRP",324,324,"a","c",50,NA,NA,1,40,2011,"Jan,Apr,Jul,Oct",NA,NA,NA,NA
"629","NWRP",446,446,"a","a",2480,7,1990,0,NA,NA,"",NA,NA,NA,NA
"630","NWRP",205,205,"a","c",670,NA,NA,1,14,2015,"Jan,Apr,Jul,Oct",NA,NA,NA,NA
"631","NWRP",85,85,"d","c",3290,12,1999,1,35,2010,"Mar,Jun,Sept,Dec",NA,NA,NA,NA
"632","NWRP",211,211,"a","a",2290,7,2011,1,1,2012,"Jan,Apr,Jul,Oct",NA,NA,NA,NA
"633","NWRP",91,91,"d","c",1150,NA,NA,1,14,2011,"Jan,Apr,Jul,Oct",NA,NA,NA,NA
"634","NWRP",214,214,"d","a",2380,3,2010,1,14,2011,"Jan,Apr,Jul,Oct",NA,NA,NA,NA
"635","NWRP",457,457,"a","a",2240,5,2013,1,10,2014,"Mar,Jun,Sept,Dec",NA,NA,NA,NA
"636","NWRP",218,218,"d","a",9000,8,2001,0,NA,NA,"",NA,NA,NA,NA
"637","NWRP",340,340,"d","c",11840,NA,NA,1,31,2009,"Feb,May,Aug,Nov",NA,NA,NA,NA
"638","NWRP",100,100,"a","a",3770,NA,NA,0,NA,NA,"",NA,NA,NA,NA
"639","NWRP",101,101,"a","a",180,11,2006,0,NA,NA,"",NA,NA,NA,NA
"640","NWRP",224,224,"a","c",5380,8,2015,1,5,2010,"Feb,May,Aug,Nov",NA,NA,NA,NA
"641","NWRP",105,105,"a","a",330,11,2007,0,NA,NA,"",NA,NA,NA,NA
"642","NWRP",348,348,"a","c",8090,NA,NA,0,NA,NA,"",NA,NA,NA,NA
"643","NWRP",107,107,"d","c",4370,NA,NA,0,NA,NA,"",NA,NA,NA,NA
"644","NWRP",111,111,"a","a",16240,10,2000,1,18,2011,"Feb,May,Aug,Nov",NA,NA,NA,NA
"645","NWRP",112,112,"a","a",22390,4,2008,1,37,2009,"Jan,Apr,Jul,Oct",NA,NA,NA,NA
"646","NWRP",113,113,"d","a",970,11,1999,1,5,2013,"Feb,May,Aug,Nov",NA,NA,NA,NA
"647","NWRP",114,114,"a","a",1410,4,2003,0,NA,NA,"",NA,NA,NA,NA
"648","NWRP",116,116,"a","c",1320,5,2013,0,NA,NA,"",NA,NA,NA,NA
"649","NWRP",238,238,"a","a",3350,NA,NA,0,NA,NA,"",NA,NA,NA,NA
"650","NWRP",118,118,"d","a",3780,NA,NA,1,40,2011,"Jan,Apr,Jul,Oct",NA,NA,NA,NA
"651","NWRP",119,119,"d","c",2170,NA,NA,0,NA,NA,"",NA,NA,NA,NA
"652","NWRP",161,161,"c","c",3290,1,2007,1,5,2013,"Feb,May,Aug,Nov",NA,NA,NA,NA
"653","NWRP",123,123,"d","c",11260,NA,NA,1,9,2011,"Feb,May,Aug,Nov",NA,NA,NA,NA
"654","NWRP",367,367,"d","c",960,11,2012,1,5,2013,"Feb,May,Aug,Nov",NA,NA,NA,NA
"655","NWRP",370,370,"c","c",80,1,2006,1,10,2014,"Jan,Apr,Jul,Oct",NA,NA,NA,NA
"656","NWRP",129,129,"d","c",2640,NA,NA,0,NA,NA,"",NA,NA,NA,NA
"657","NWRP",251,251,"d","a",5070,11,2007,1,18,2015,"Feb,May,Aug,Nov",NA,NA,NA,NA
"658","NWRP",131,131,"a","c",11810,8,2014,0,NA,NA,"",NA,NA,NA,NA
"659","NWRP",376,376,"a","c",250,10,2008,0,NA,NA,"",NA,NA,NA,NA
"660","NWRP",256,256,"a","c",26490,NA,NA,1,10,2014,"Mar,Jun,Sept,Dec",NA,NA,NA,NA
"661","NWRP",741,741,"a","c",2700,NA,NA,0,NA,NA,"",NA,NA,NA,NA
"662","NWRP",139,139,"d","a",18650,4,2004,1,14,2014,"Jan,Apr,Jul,Oct",NA,NA,NA,NA
"663","NWRP",140,140,"a","a",4160,NA,NA,0,NA,NA,"",NA,NA,NA,NA
"664","NWRP",386,386,"a","a",2120,NA,NA,0,NA,NA,"",NA,NA,NA,NA
"665","NWRP",388,388,"a","a",50,NA,NA,0,NA,NA,"",NA,NA,NA,NA
"666","NWRP",391,391,"a","a",1780,NA,NA,0,NA,NA,"",NA,NA,NA,NA
"667","NWRP",150,150,"a","a",720,11,2009,0,NA,NA,"",NA,NA,NA,NA
"668","NWRP",273,273,"a","a",650,11,2013,1,37,2009,"Jan,Apr,Jul,Oct",NA,NA,NA,NA
"669","NWRP",518,518,"c","a",450,6,2011,1,48,2012,"Mar,Jun,Sept,Dec",NA,NA,NA,NA
"670","NWRP",158,158,"a","a",40,2,2014,1,10,2014,"Mar,Jun,Sept,Dec",NA,NA,NA,NA
"671","NWRP",280,280,"a","c",420,NA,NA,0,NA,NA,"",NA,NA,NA,NA
"672","NWRP",281,281,"a","a",620,10,2014,1,18,2014,"Feb,May,Aug,Nov",NA,NA,NA,NA
"673","NWRP",164,164,"a","a",240,NA,NA,0,NA,NA,"",NA,NA,NA,NA
"674","NWRP",292,292,"a","c",3240,NA,NA,1,22,2011,"Mar,Jun,Sept,Dec",NA,NA,NA,NA
"675","NWRP",658,658,"a","a",2330,10,2014,1,18,2011,"Feb,May,Aug,Nov",NA,NA,NA,NA
"676","NWRP",661,661,"a","a",150,9,2008,1,1,2012,"Mar,Jun,Sept,Dec",NA,NA,NA,NA
"677","NWRP",787,787,"a","a",100,5,2007,1,31,2013,"Jan,Apr,Jul,Oct",NA,NA,NA,NA
"678","NWRP",549,549,"d","c",9230,4,2004,1,37,2009,"Jan,Apr,Jul,Oct",NA,NA,NA,NA
"679","NWRP",187,187,"b","a",90,NA,NA,1,31,2013,"Jan,Apr,Jul,Oct",NA,NA,NA,NA
"680","NWRP",310,310,"a","a",560,10,2014,1,10,2014,"Jan,Apr,Jul,Oct",NA,NA,NA,NA
"681","NWRP",314,314,"c","a",700,4,2009,1,14,2011,"Jan,Apr,Jul,Oct",NA,NA,NA,NA
"682","NWRP",316,316,"a","c",1130,NA,NA,1,10,2014,"Mar,Jun,Sept,Dec",NA,NA,NA,NA
"683","NWRP",319,319,"a","c",2950,10,2004,0,NA,NA,"",NA,NA,NA,NA
"684","NWRP",562,562,"a","c",1520,NA,NA,0,NA,NA,"",NA,NA,NA,NA
"685","NWRP",442,442,"a","a",1010,NA,NA,0,NA,NA,"",NA,NA,NA,NA
"686","NWRP",362,362,"d","c",17410,4,2007,1,14,2011,"Jan,Apr,Jul,Oct",NA,NA,NA,NA
"687","NWRP",202,202,"d","a",3370,10,2014,1,18,2011,"Feb,May,Aug,Nov",NA,NA,NA,NA
"688","NWRP",445,445,"a","a",1900,6,2014,1,31,2013,"Jan,Apr,Jul,Oct",NA,NA,NA,NA
"689","NWRP",326,326,"a","a",7240,2,2010,0,NA,NA,"",NA,NA,NA,NA
"690","NWRP",448,448,"a","c",4590,3,2000,1,40,2011,"Jan,Apr,Jul,Oct",NA,NA,NA,NA
"691","NWRP",572,572,"d","c",5980,10,2005,0,NA,NA,"",NA,NA,NA,NA
"692","NWRP",576,576,"d","a",5220,5,2009,0,NA,NA,"",NA,NA,NA,NA
"693","NWRP",456,456,"a","a",460,11,2014,1,31,2013,"Feb,May,Aug,Nov",NA,NA,NA,NA
"694","NWRP",578,578,"a","a",15270,NA,NA,1,10,2014,"Jan,Apr,Jul,Oct",NA,NA,NA,NA
"695","NWRP",459,459,"d","a",710,3,2012,1,1,2012,"Jan,Apr,Jul,Oct",NA,NA,NA,NA
"696","NWRP",461,461,"d","a",4060,8,2005,0,NA,NA,"",NA,NA,NA,NA
"697","NWRP",343,343,"a","c",1070,8,2010,0,NA,NA,"",NA,NA,NA,NA
"698","NWRP",707,707,"a","c",8860,4,2004,1,37,2009,"Jan,Apr,Jul,Oct",NA,NA,NA,NA
"699","NWRP",466,466,"d","c",22330,NA,NA,1,5,2010,"Feb,May,Aug,Nov",NA,NA,NA,NA
"700","NWRP",226,226,"c","c",190,NA,NA,1,31,2013,"Feb,May,Aug,Nov",NA,NA,NA,NA
"701","NWRP",470,470,"a","a",250,NA,NA,0,NA,NA,"",NA,NA,NA,NA
"702","NWRP",231,231,"a","c",2280,NA,NA,1,10,2013,"Mar,Jun,Sept,Dec",NA,NA,NA,NA
"703","NWRP",353,353,"d","c",610,NA,NA,0,NA,NA,"",NA,NA,NA,NA
"704","NWRP",234,234,"d","c",1460,NA,NA,0,NA,NA,"",NA,NA,NA,NA
"705","NWRP",236,236,"a","a",540,NA,NA,1,14,2011,"Jan,Apr,Jul,Oct",NA,NA,NA,NA
"706","NWRP",237,237,"a","c",250,NA,NA,1,5,2013,"Feb,May,Aug,Nov",NA,NA,NA,NA
"707","NWRP",480,480,"c","c",460,NA,NA,0,NA,NA,"",NA,NA,NA,NA
"708","NWRP",282,282,"a","a",140,9,2005,0,NA,NA,"",NA,NA,NA,NA
"709","NWRP",647,647,"a","a",17500,8,2008,1,37,2009,"Mar,Jun,Sept,Dec",NA,NA,NA,NA
"710","NWRP",245,245,"a","a",1640,2,2013,0,NA,NA,"",NA,NA,NA,NA
"711","NWRP",488,488,"a","c",2140,8,2012,0,NA,NA,"",NA,NA,NA,NA
"712","NWRP",733,733,"a","a",4580,NA,NA,1,14,2015,"Jan,Apr,Jul,Oct",NA,NA,NA,NA
"713","NWRP",856,856,"d","c",6540,NA,NA,1,14,2013,"Jan,Apr,Jul,Oct",NA,NA,NA,NA
"714","NWRP",373,373,"d","a",1120,5,2007,1,31,2013,"Jan,Apr,Jul,Oct",NA,NA,NA,NA
"715","NWRP",374,374,"d","c",3030,NA,NA,1,37,2009,"Jan,Apr,Jul,Oct",NA,NA,NA,NA
"716","NWRP",902,902,"a","a",30,7,2002,0,NA,NA,"",NA,NA,NA,NA
"717","NWRP",379,379,"d","c",9430,NA,NA,0,NA,NA,"",NA,NA,NA,NA
"718","NWRP",381,381,"a","a",220,NA,NA,1,36,2013,"Mar,Jun,Sept,Dec",NA,NA,NA,NA
"719","NWRP",504,504,"d","c",4880,8,2010,1,18,2014,"Jan,Apr,Jul,Oct",NA,NA,NA,NA
"720","NWRP",385,385,"a","c",160,7,2007,0,NA,NA,"",NA,NA,NA,NA
"721","NWRP",507,507,"c","a",430,4,2003,0,NA,NA,"",NA,NA,NA,NA
"722","NWRP",389,389,"a","a",3570,4,2007,0,NA,NA,"",NA,NA,NA,NA
"723","NWRP",511,511,"a","c",4700,9,2002,1,31,2013,"Feb,May,Aug,Nov",NA,NA,NA,NA
"724","NWRP",633,633,"a","a",660,1,2007,0,NA,NA,"",NA,NA,NA,NA
"725","NWRP",271,271,"a","a",2260,NA,NA,0,NA,NA,"",NA,NA,NA,NA
"726","NWRP",637,637,"d","c",4040,8,2008,1,18,2013,"Mar,Jun,Sept,Dec",NA,NA,NA,NA
"727","NWRP",517,517,"a","c",610,12,2003,1,36,2013,"Mar,Jun,Sept,Dec",NA,NA,NA,NA
"728","NWRP",400,400,"a","c",9630,NA,NA,1,14,2011,"Jan,Apr,Jul,Oct",NA,NA,NA,NA
"729","NWRP",684,684,"a","a",2640,NA,NA,0,NA,NA,"",NA,NA,NA,NA
"730","NWRP",564,564,"a","a",200,NA,NA,0,NA,NA,"",NA,NA,NA,NA
"731","NWRP",888,888,"a","a",480,NA,NA,0,NA,NA,"",NA,NA,NA,NA
"732","NWRP",566,566,"b","b",860,10,1999,0,NA,NA,"",NA,NA,NA,NA
"733","NWRP",285,285,"a","a",1060,5,2009,1,27,2011,"Feb,May,Aug,Nov",NA,NA,NA,NA
"734","NWRP",649,649,"a","a",3450,9,2011,0,NA,NA,"",NA,NA,NA,NA
"735","NWRP",771,771,"d","a",510,NA,NA,1,35,2010,"Mar,Jun,Sept,Dec",NA,NA,NA,NA
"736","NWRP",898,898,"d","c",14620,NA,NA,0,NA,NA,"",NA,NA,NA,NA
"737","NWRP",779,779,"a","a",1070,5,2015,1,14,2011,"Jan,Apr,Jul,Oct",NA,NA,NA,NA
"738","NWRP",701,701,"d","a",14300,NA,NA,0,NA,NA,"",NA,NA,NA,NA
"739","NWRP",460,460,"a","c",140,NA,NA,0,NA,NA,"",NA,NA,NA,NA
"740","NWRP",300,300,"a","c",220,NA,NA,1,10,2014,"Jan,Apr,Jul,Oct",NA,NA,NA,NA
"741","NWRP",543,543,"a","a",70,NA,NA,0,NA,NA,"",NA,NA,NA,NA
"742","NWRP",908,908,"d","c",7520,7,2014,1,45,2009,"Feb,May,Aug,Nov",NA,NA,NA,NA
"743","NWRP",788,788,"a","c",3860,9,2014,1,23,2015,"Mar,Jun,Sept,Dec",NA,NA,NA,NA
"744","NWRP",548,548,"a","a",1850,12,2014,1,18,2011,"Feb,May,Aug,Nov",NA,NA,NA,NA
"745","NWRP",429,429,"a","c",20620,NA,NA,1,37,2009,"Jan,Apr,Jul,Oct",NA,NA,NA,NA
"746","NWRP",554,554,"a","a",5290,11,2012,1,5,2013,"Feb,May,Aug,Nov",NA,NA,NA,NA
"747","NWRP",595,595,"a","c",350,NA,NA,1,31,2013,"Feb,May,Aug,Nov",NA,NA,NA,NA
"748","NWRP",677,677,"d","c",9910,12,2010,1,9,2011,"Mar,Jun,Sept,Dec",NA,NA,NA,NA
"749","NWRP",438,438,"c","c",8980,6,2011,0,NA,NA,"",NA,NA,NA,NA
"750","NWRP",681,681,"a","c",1280,NA,NA,1,40,2011,"Jan,Apr,Jul,Oct",NA,NA,NA,NA
"751","NWRP",604,604,"d","c",8540,NA,NA,0,NA,NA,"",NA,NA,NA,NA
"752","NWRP",485,485,"d","c",5900,NA,NA,0,NA,NA,"",NA,NA,NA,NA
"753","NWRP",486,486,"a","a",1170,4,2011,1,22,2012,"Feb,May,Aug,Nov",NA,NA,NA,NA
"754","NWRP",568,568,"a","a",2030,9,2012,1,18,2011,"Feb,May,Aug,Nov",NA,NA,NA,NA
"755","NWRP",569,569,"a","a",650,10,2006,0,NA,NA,"",NA,NA,NA,NA
"756","NWRP",449,449,"a","c",70,6,1990,1,22,2012,"Mar,Jun,Sept,Dec",NA,NA,NA,NA
"757","NWRP",693,693,"a","a",12770,10,2000,0,NA,NA,"",NA,NA,NA,NA
"758","NWRP",573,573,"a","c",6920,9,2011,0,NA,NA,"",NA,NA,NA,NA
"759","NWRP",937,937,"a","a",3750,NA,NA,1,45,2009,"Feb,May,Aug,Nov",NA,NA,NA,NA
"760","NWRP",495,495,"d","c",520,NA,NA,1,37,2009,"Jan,Apr,Jul,Oct",NA,NA,NA,NA
"761","NWRP",698,698,"d","c",5150,3,2011,1,13,2010,"Jan,Apr,Jul,Oct",NA,NA,NA,NA
"762","NWRP",699,699,"d","c",780,NA,NA,0,NA,NA,"",NA,NA,NA,NA
"763","NWRP",740,740,"d","a",2530,NA,NA,0,NA,NA,"",NA,NA,NA,NA
"764","NWRP",579,579,"a","a",3620,2,2013,0,NA,NA,"",NA,NA,NA,NA
"765","NWRP",500,500,"a","c",130,NA,NA,1,27,2013,"Feb,May,Aug,Nov",NA,NA,NA,NA
"766","NWRP",824,824,"a","c",370,NA,NA,1,22,2012,"Mar,Jun,Sept,Dec",NA,NA,NA,NA
"767","NWRP",868,868,"a","c",50,NA,NA,0,NA,NA,"",NA,NA,NA,NA
"768","NWRP",588,588,"a","c",650,7,1990,0,NA,NA,"",NA,NA,NA,NA
"769","NWRP",347,347,"a","c",5080,NA,NA,1,31,2013,"Feb,May,Aug,Nov",NA,NA,NA,NA
"770","NWRP",594,594,"c","a",920,7,2015,0,NA,NA,"",NA,NA,NA,NA
"771","NWRP",635,635,"d","a",4370,NA,NA,0,NA,NA,"",NA,NA,NA,NA
"772","NWRP",357,357,"a","a",150,NA,NA,1,31,2013,"Jan,Apr,Jul,Oct",NA,NA,NA,NA
"773","NWRP",358,358,"a","a",60,1,2005,1,5,2011,"Jan,Apr,Jul,Oct",NA,NA,NA,NA
"774","NWRP",360,360,"d","c",710,NA,NA,1,40,2011,"Jan,Apr,Jul,Oct",NA,NA,NA,NA
"775","NWRP",522,522,"c","a",1010,9,2012,1,18,2011,"Feb,May,Aug,Nov",NA,NA,NA,NA
"776","NWRP",403,403,"a","a",14130,12,2006,1,14,2011,"Jan,Apr,Jul,Oct",NA,NA,NA,NA
"777","NWRP",444,444,"a","a",180,NA,NA,1,45,2009,"Feb,May,Aug,Nov",NA,NA,NA,NA
"778","NWRP",487,487,"a","a",4300,3,2009,1,27,2013,"Jan,Apr,Jul,Oct",NA,NA,NA,NA
"779","NWRP",973,973,"d","c",3560,NA,NA,0,NA,NA,"",NA,NA,NA,NA
"780","NWRP",772,772,"a","c",350,3,2011,1,22,2011,"Feb,May,Aug,Nov",NA,NA,NA,NA
"781","NWRP",371,371,"a","a",250,NA,NA,0,NA,NA,"",NA,NA,NA,NA
"782","NWRP",977,977,"a","a",7250,12,2013,0,NA,NA,"",NA,NA,NA,NA
"783","NWRP",736,736,"a","a",110,11,2012,1,31,2013,"Feb,May,Aug,Nov",NA,NA,NA,NA
"784","NWRP",859,859,"a","a",5950,4,2007,0,NA,NA,"",NA,NA,NA,NA
"785","NWRP",380,380,"c","a",40,11,2011,1,22,2012,"Mar,Jun,Sept,Dec",NA,NA,NA,NA
"786","NWRP",865,865,"d","a",6260,11,2009,0,NA,NA,"",NA,NA,NA,NA
"787","NWRP",624,624,"a","a",6420,4,2011,1,1,2012,"Jan,Apr,Jul,Oct",NA,NA,NA,NA
"788","NWRP",506,506,"a","a",3440,NA,NA,1,31,2013,"Feb,May,Aug,Nov",NA,NA,NA,NA
"789","NWRP",628,628,"d","a",190,9,2012,1,40,2012,"Feb,May,Aug,Nov",NA,NA,NA,NA
"790","NWRP",871,871,"d","c",6910,4,2005,0,NA,NA,"",NA,NA,NA,NA
"791","NWRP",630,630,"a","c",2030,8,2000,0,NA,NA,"",NA,NA,NA,NA
"792","NWRP",510,510,"a","a",1310,6,1990,1,22,2012,"Mar,Jun,Sept,Dec",NA,NA,NA,NA
"793","NWRP",754,754,"c","c",4630,3,2011,1,35,2011,"Feb,May,Aug,Nov",NA,NA,NA,NA
"794","NWRP",715,715,"c","c",740,NA,NA,1,14,2013,"Mar,Jun,Sept,Dec",NA,NA,NA,NA
"795","NWRP",798,798,"a","a",4030,2,2013,1,10,2014,"Jan,Apr,Jul,Oct",NA,NA,NA,NA
"796","NWRP",921,921,"d","c",4520,NA,NA,0,NA,NA,"",NA,NA,NA,NA
"797","NWRP",478,478,"a","a",480,12,2005,0,NA,NA,"",NA,NA,NA,NA
"798","NWRP",520,520,"a","c",7180,11,2012,0,NA,NA,"",NA,NA,NA,NA
"799","NWRP",521,521,"a","a",1070,12,2006,1,13,2010,"Jan,Apr,Jul,Oct",NA,NA,NA,NA
"800","NWRP",482,482,"a","a",4150,5,2001,0,NA,NA,"",NA,NA,NA,NA
"801","NWRP",685,685,"a","c",20390,4,2008,0,NA,NA,"",NA,NA,NA,NA
"802","NWRP",806,806,"a","a",170,7,2013,1,27,2013,"Jan,Apr,Jul,Oct",NA,NA,NA,NA
"803","NWRP",808,808,"a","c",150,NA,NA,0,NA,NA,"",NA,NA,NA,NA
"804","NWRP",410,410,"d","c",8240,3,2001,1,10,2013,"Feb,May,Aug,Nov",NA,NA,NA,NA
"805","NWRP",814,814,"b","b",840,NA,NA,1,48,2012,"Jan,Apr,Jul,Oct",NA,NA,NA,NA
"806","NWRP",857,857,"d","c",1690,7,2009,1,36,2013,"Mar,Jun,Sept,Dec",NA,NA,NA,NA
"807","NWRP",778,778,"a","a",90,11,2012,0,NA,NA,"",NA,NA,NA,NA
"808","NWRP",981,981,"d","c",1500,10,2005,0,NA,NA,"",NA,NA,NA,NA
"809","NWRP",538,538,"d","a",590,5,2001,0,NA,NA,"",NA,NA,NA,NA
"810","NWRP",659,659,"d","a",4880,NA,NA,1,37,2009,"Jan,Apr,Jul,Oct",NA,NA,NA,NA
"811","NWRP",823,823,"c","a",210,NA,NA,1,36,2013,"Mar,Jun,Sept,Dec",NA,NA,NA,NA
"812","NWRP",910,910,"d","c",2770,NA,NA,0,NA,NA,"",NA,NA,NA,NA
"813","NWRP",994,994,"a","a",40,3,2014,1,1,2014,"Jan,Apr,Jul,Oct",NA,NA,NA,NA
"814","NWRP",634,634,"a","a",7780,11,2006,0,NA,NA,"",NA,NA,NA,NA
"815","NWRP",716,716,"a","c",8480,NA,NA,0,NA,NA,"",NA,NA,NA,NA
"816","NWRP",475,475,"a","c",5020,5,2006,1,18,2014,"Feb,May,Aug,Nov",NA,NA,NA,NA
"817","NWRP",476,476,"c","c",330,11,2008,1,5,2013,"Feb,May,Aug,Nov",NA,NA,NA,NA
"818","NWRP",840,840,"d","c",9560,NA,NA,1,36,2013,"Jan,Apr,Jul,Oct",NA,NA,NA,NA
"819","NWRP",722,722,"a","a",700,3,2015,1,10,2014,"Jan,Apr,Jul,Oct",NA,NA,NA,NA
"820","NWRP",967,967,"a","a",3560,10,2001,1,31,2013,"Feb,May,Aug,Nov",NA,NA,NA,NA
"821","NWRP",729,729,"a","c",7980,6,2005,0,NA,NA,"",NA,NA,NA,NA
"822","NWRP",891,891,"a","a",2890,12,2007,1,10,2014,"Mar,Jun,Sept,Dec",NA,NA,NA,NA
"823","NWRP",652,652,"a","a",970,3,2013,1,31,2013,"Feb,May,Aug,Nov",NA,NA,NA,NA
"824","NWRP",694,694,"c","c",5390,8,2003,1,1,2012,"Jan,Apr,Jul,Oct",NA,NA,NA,NA
"825","NWRP",896,896,"d","c",8400,4,2012,1,5,2013,"Feb,May,Aug,Nov",NA,NA,NA,NA
"826","NWRP",616,616,"d","a",2110,3,2006,0,NA,NA,"",NA,NA,NA,NA
"827","NWRP",874,874,"a","a",6480,NA,NA,0,NA,NA,"",NA,NA,NA,NA
"828","NWRP",835,835,"d","a",17280,10,2009,1,18,2011,"Feb,May,Aug,Nov",NA,NA,NA,NA
"829","NWRP",501,501,"a","a",1650,10,2000,0,NA,NA,"",NA,NA,NA,NA
"830","NWRP",986,986,"a","a",800,6,2007,0,NA,NA,"",NA,NA,NA,NA
"831","NWRP",749,749,"a","c",3040,8,2011,1,35,2010,"Mar,Jun,Sept,Dec",NA,NA,NA,NA
"832","NWRP",589,589,"d","a",330,3,2008,1,1,2012,"Mar,Jun,Sept,Dec",NA,NA,NA,NA
"833","NWRP",832,832,"d","c",9640,11,2013,0,NA,NA,"",NA,NA,NA,NA
"834","NWRP",686,686,"c","c",550,NA,NA,1,35,2010,"Mar,Jun,Sept,Dec",NA,NA,NA,NA
"835","NWRP",878,878,"a","a",910,NA,NA,0,NA,NA,"",NA,NA,NA,NA
"836","NWRP",880,880,"a","a",2320,NA,NA,1,31,2013,"Jan,Apr,Jul,Oct",NA,NA,NA,NA
"837","NWRP",718,718,"d","c",330,NA,NA,1,28,2012,"Jan,Apr,Jul,Oct",NA,NA,NA,NA
"838","NWRP",762,762,"a","c",1710,NA,NA,1,44,2012,"Jan,Apr,Jul,Oct",NA,NA,NA,NA
"839","NWRP",602,602,"d","c",4380,NA,NA,0,NA,NA,"",NA,NA,NA,NA
"840","NWRP",899,899,"a","c",3110,3,2003,0,NA,NA,"",NA,NA,NA,NA
"841","NWRP",971,971,"d","c",1090,NA,NA,1,31,2013,"Feb,May,Aug,Nov",NA,NA,NA,NA
"842","NWRP",812,812,"a","a",190,9,2011,0,NA,NA,"",NA,NA,NA,NA
"843","NWRP",815,815,"a","c",60,6,2015,0,NA,NA,"",NA,NA,NA,NA
"844","NWRP",936,936,"d","a",18610,11,2002,1,48,2011,"Mar,Jun,Sept,Dec",NA,NA,NA,NA
"845","NWRP",938,938,"a","a",3200,6,2005,0,NA,NA,"",NA,NA,NA,NA
"846","NWRP",751,751,"d","c",1250,NA,NA,1,40,2011,"Jan,Apr,Jul,Oct",NA,NA,NA,NA
"847","NWRP",603,603,"a","a",340,10,2000,1,31,2013,"Feb,May,Aug,Nov",NA,NA,NA,NA
"848","NWRP",965,965,"a","a",2890,10,2003,0,NA,NA,"",NA,NA,NA,NA
"849","NWRP",942,942,"d","c",4820,3,2008,0,NA,NA,"",NA,NA,NA,NA
"850","NWRP",944,944,"a","a",260,10,2006,1,31,2013,"Feb,May,Aug,Nov",NA,NA,NA,NA
"851","NWRP",622,622,"d","c",310,NA,NA,1,40,2011,"Jan,Apr,Jul,Oct",NA,NA,NA,NA
"852","NWRP",987,987,"c","c",530,4,2005,1,35,2010,"Mar,Jun,Sept,Dec",NA,NA,NA,NA
"853","NWRP",790,790,"d","c",4030,3,2014,1,1,2014,"Jan,Apr,Jul,Oct",NA,NA,NA,NA
"854","NWRP",884,884,"d","c",540,11,2012,1,35,2010,"Mar,Jun,Sept,Dec",NA,NA,NA,NA
"855","NWRP",976,976,"a","a",1000,9,2008,0,NA,NA,"",NA,NA,NA,NA
"856","NWRP",958,958,"a","a",2640,12,2005,1,31,2013,"Feb,May,Aug,Nov",NA,NA,NA,NA
"857","NWRP",596,596,"d","a",7860,11,2005,1,14,2011,"Jan,Apr,Jul,Oct",NA,NA,NA,NA
"858","NWRP",599,599,"a","c",5460,NA,NA,1,14,2011,"Jan,Apr,Jul,Oct",NA,NA,NA,NA
"859","NWRP",843,843,"d","a",20260,NA,NA,1,18,2014,"Mar,Jun,Sept,Dec",NA,NA,NA,NA
"860","NWRP",776,776,"a","c",90,NA,NA,1,1,2013,"Jan,Apr,Jul,Oct",NA,NA,NA,NA
"861","NWRP",897,897,"a","a",100,NA,NA,0,NA,NA,"",NA,NA,NA,NA
"862","NWRP",691,691,"d","a",2710,7,2006,0,NA,NA,"",NA,NA,NA,NA
"863","NWRP",613,613,"a","c",12430,10,2004,0,NA,NA,"",NA,NA,NA,NA
"864","NWRP",734,734,"a","c",380,NA,NA,1,14,2012,"Jan,Apr,Jul,Oct",NA,NA,NA,NA
"865","NWRP",717,717,"a","c",250,NA,NA,0,NA,NA,"",NA,NA,NA,NA
"866","NWRP",935,935,"a","a",580,2,2008,0,NA,NA,"",NA,NA,NA,NA
"867","NWRP",991,991,"a","a",2540,6,2005,0,NA,NA,"",NA,NA,NA,NA
"868","NWRP",964,964,"a","c",8260,NA,NA,0,NA,NA,"",NA,NA,NA,NA
"869","NWRP",901,901,"a","c",13620,NA,NA,1,10,2014,"Mar,Jun,Sept,Dec",NA,NA,NA,NA
"870","NWRP",743,743,"a","a",15430,11,2012,1,18,2011,"Feb,May,Aug,Nov",NA,NA,NA,NA
"871","NWRP",988,988,"a","c",290,NA,NA,1,40,2011,"Jan,Apr,Jul,Oct",NA,NA,NA,NA
"872","NWRP",600,600,"a","a",630,2,2015,1,31,2013,"Feb,May,Aug,Nov",NA,NA,NA,NA
"873","NWRP",855,855,"a","a",40,8,2001,0,NA,NA,"",NA,NA,NA,NA
"874","NWRP",876,876,"a","a",4970,7,2015,0,NA,NA,"",NA,NA,NA,NA
"875","NWRP",914,914,"a","c",2900,7,1990,0,NA,NA,"",NA,NA,NA,NA
"876","NWRP",990,990,"a","a",80,6,2005,0,NA,NA,"",NA,NA,NA,NA
"877","NWRP",721,721,"a","c",490,9,2012,1,18,2011,"Feb,May,Aug,Nov",NA,NA,NA,NA
"878","NWRP",894,894,"a","a",2100,8,2013,1,14,2011,"Jan,Apr,Jul,Oct",NA,NA,NA,NA
"879","NWRP",720,720,"a","a",2710,NA,NA,0,NA,NA,"",NA,NA,NA,NA
"880","NWRP",773,773,"d","a",10070,5,2015,1,31,2013,"Feb,May,Aug,Nov",NA,NA,NA,NA
"881","NWRP",985,985,"c","a",190,NA,NA,1,45,2009,"Feb,May,Aug,Nov",NA,NA,NA,NA
"882","SN",53,53,"c","a",230,10,2001,1,14,2011,"Jan,Apr,Jul,Oct","Saxony","Sachsen","Dresden","DRS"
"883","SN",849,849,"c","c",8140,11,2013,1,10,2014,"Mar,Jun,Sept,Dec","Saxony","Sachsen","Dresden","DRS"
"884","SN",688,688,"c","a",1190,NA,NA,0,NA,NA,"","Saxony","Sachsen","Dresden","DRS"
"885","SN",537,537,"a","a",19370,4,2002,0,NA,NA,"","Saxony","Sachsen","Dresden","DRS"
"886","SN",171,171,"d","a",18610,NA,NA,0,NA,NA,"","Saxony","Sachsen","Dresden","DRS"
"887","SN",563,563,"d","c",420,6,2014,0,NA,NA,"","Saxony","Sachsen","Dresden","DRS"
"888","SN",248,248,"a","a",840,9,2006,0,NA,NA,"","Saxony","Sachsen","Dresden","DRS"
"889","SN",44,44,"a","a",9560,4,2001,0,NA,NA,"","Saxony","Sachsen","Dresden","DRS"
"890","SN",529,529,"c","a",2870,7,2015,1,13,2010,"Jan,Apr,Jul,Oct","Saxony","Sachsen","Dresden","DRS"
"891","SN",206,206,"c","c",5090,9,2006,0,NA,NA,"","Saxony","Sachsen","Dresden","DRS"
"892","SN",809,809,"a","a",27150,NA,NA,0,NA,NA,"","Saxony","Sachsen","Dresden","DRS"
"893","SN",709,709,"c","a",3740,2,2002,1,14,2011,"Jan,Apr,Jul,Oct","Saxony","Sachsen","Dresden","DRS"
"894","SN",992,992,"a","a",6710,11,2003,1,14,2012,"Jan,Apr,Jul,Oct","Saxony","Sachsen","Dresden","DRS"
"895","SN",951,951,"a","c",9200,10,2009,1,14,2012,"Jan,Apr,Jul,Oct","Saxony","Sachsen","Dresden","DRS"
"896","SN",192,192,"a","a",29910,4,2015,0,NA,NA,"","Saxony","Sachsen","Dresden","DRS"
"897","SN",860,860,"d","c",5540,10,2009,0,NA,NA,"","Saxony","Sachsen","Dresden","DRS"
"898","SN",416,416,"d","a",1710,NA,NA,0,NA,NA,"","Saxony","Sachsen","Dresden","DRS"
"899","SN",42,42,"a","a",420,NA,NA,1,14,2011,"Jan,Apr,Jul,Oct","Saxony","Sachsen","Dresden","DRS"
"900","SN",265,265,"a","c",360,3,2014,1,9,2011,"Mar,Jun,Sept,Dec","Saxony","Sachsen","Dresden","DRS"
"901","SN",783,783,"a","c",8940,NA,NA,1,9,2011,"Jan,Apr,Jul,Oct","Saxony","Sachsen","Dresden","DRS"
"902","SN",327,327,"c","c",3330,10,2001,1,14,2011,"Jan,Apr,Jul,Oct","Saxony","Sachsen","Dresden","DRS"
"903","SN",409,409,"a","a",2720,9,2012,0,NA,NA,"","Saxony","Sachsen","Dresden","DRS"
"904","SN",82,82,"a","a",2060,10,2008,0,NA,NA,"","Saxony","Sachsen","Dresden","DRS"
"905","SN",20,20,"a","a",1830,11,2004,0,NA,NA,"","Saxony","Sachsen","Dresden","DRS"
"906","SN",697,697,"d","a",2590,NA,NA,1,13,2010,"Jan,Apr,Jul,Oct","Saxony","Sachsen","Dresden","DRS"
"907","SN",200,200,"c","c",3890,NA,NA,0,NA,NA,"","Saxony","Sachsen","Dresden","DRS"
"908","SN",924,924,"d","a",21930,NA,NA,0,NA,NA,"","Saxony","Sachsen","Dresden","DRS"
"909","SN",36,36,"c","c",430,NA,NA,1,50,2010,"Jan,Apr,Jul,Oct","Saxony","Sachsen","Dresden","DRS"
"910","SN",441,441,"c","c",10740,11,2013,0,NA,NA,"","Saxony","Sachsen","Dresden","DRS"
"911","SN",468,468,"d","a",20930,NA,NA,0,NA,NA,"","Saxony","Sachsen","Dresden","DRS"
"912","SN",365,365,"a","a",8780,2,2005,1,37,2009,"Jan,Apr,Jul,Oct","Saxony","Sachsen","Dresden","DRS"
"913","SN",378,378,"a","a",250,12,2001,1,13,2010,"Jan,Apr,Jul,Oct","Saxony","Sachsen","Dresden","DRS"
"914","SN",270,270,"a","a",16990,4,2004,0,NA,NA,"","Saxony","Sachsen","Dresden","DRS"
"915","SN",943,943,"a","c",25360,10,2014,0,NA,NA,"","Saxony","Sachsen","Dresden","DRS"
"916","SN",931,931,"c","a",240,9,2002,0,NA,NA,"","Saxony","Sachsen","Dresden","DRS"
"917","SN",571,571,"c","a",440,4,2002,0,NA,NA,"","Saxony","Sachsen","Dresden","DRS"
"918","SN",530,530,"a","c",6270,2,2005,0,NA,NA,"","Saxony","Sachsen","Dresden","DRS"
"919","SN",866,866,"a","a",310,12,2013,0,NA,NA,"","Saxony","Sachsen","Dresden","DRS"
"920","SN",210,210,"c","c",10450,6,2009,0,NA,NA,"","Saxony","Sachsen","Dresden","DRS"
"921","SN",842,842,"c","a",4770,NA,NA,1,13,2010,"Jan,Apr,Jul,Oct","Saxony","Sachsen","Dresden","DRS"
"922","SN",818,818,"a","c",18710,4,2015,0,NA,NA,"","Saxony","Sachsen","Dresden","DRS"
"923","SN",963,963,"d","a",2590,9,2012,0,NA,NA,"","Saxony","Sachsen","Dresden","DRS"
"924","SN",875,875,"d","a",6560,12,2013,0,NA,NA,"","Saxony","Sachsen","Dresden","DRS"
"925","SN",738,738,"a","a",720,11,2004,0,NA,NA,"","Saxony","Sachsen","Dresden","DRS"
"926","SN",794,794,"a","a",540,4,2004,0,NA,NA,"","Saxony","Sachsen","Dresden","DRS"
"927","SN",591,591,"a","c",40540,2,2002,0,NA,NA,"","Saxony","Sachsen","Dresden","DRS"
"928","SN",328,328,"c","c",3210,6,2009,0,NA,NA,"","Saxony","Sachsen","Dresden","DRS"
"929","SN",352,352,"d","a",2300,NA,NA,0,NA,NA,"","Saxony","Sachsen","Dresden","DRS"
"930","SN",125,125,"d","a",8300,9,2006,0,NA,NA,"","Saxony","Sachsen","Dresden","DRS"
"931","SN",586,586,"c","a",6930,9,2006,0,NA,NA,"","Saxony","Sachsen","Dresden","DRS"
"932","SN",453,453,"c","a",110,11,2008,0,NA,NA,"","Saxony","Sachsen","Dresden","DRS"
"933","SN",920,920,"a","a",330,NA,NA,1,14,2011,"Jan,Apr,Jul,Oct","Saxony","Sachsen","Dresden","DRS"
"934","SN",209,209,"c","c",11470,10,2009,1,18,2014,"Jan,Apr,Jul,Oct","Saxony","Sachsen","Dresden","DRS"
"935","SN",196,196,"a","a",20050,4,2002,0,NA,NA,"","Saxony","Sachsen","Dresden","DRS"
"936","SN",557,557,"d","c",1110,NA,NA,1,40,2012,"Jan,Apr,Jul,Oct","Saxony","Sachsen","Dresden","DRS"
"937","SN",862,862,"d","a",NA,NA,NA,0,NA,NA,"","Saxony","Sachsen","Dresden","DRS"
"938","SN",819,819,"a","a",18620,NA,NA,1,31,2009,"Feb,May,Aug,Nov","Saxony","Sachsen","Dresden","DRS"
"939","SN",524,524,"a","a",2040,11,2008,0,NA,NA,"","Saxony","Sachsen","Dresden","DRS"
"940","SN",189,189,"a","a",1890,10,2014,0,NA,NA,"","Saxony","Sachsen","Dresden","DRS"
"941","SN",221,221,"a","a",1160,12,2012,0,NA,NA,"","Saxony","Sachsen","Dresden","DRS"
"942","SN",418,418,"a","c",23620,11,2013,0,NA,NA,"","Saxony","Sachsen","Dresden","DRS"
"943","SN",435,435,"a","a",17650,11,2013,1,37,2009,"Jan,Apr,Jul,Oct","Saxony","Sachsen","Dresden","DRS"
"944","SN",258,258,"a","a",27650,8,2004,0,NA,NA,"","Saxony","Sachsen","Dresden","DRS"
"945","SN",556,556,"d","c",32330,3,2014,0,NA,NA,"","Saxony","Sachsen","Dresden","DRS"
"946","SN",760,760,"a","a",3570,11,2009,1,36,2013,"Mar,Jun,Sept,Dec","Saxony","Sachsen","Dresden","DRS"
"947","SN",713,713,"a","a",2960,10,2014,1,36,2013,"Mar,Jun,Sept,Dec","Saxony","Sachsen","Dresden","DRS"
"948","SN",623,623,"d","c",3460,10,2013,1,10,2014,"Jan,Apr,Jul,Oct","Saxony","Sachsen","Dresden","DRS"
"949","SN",395,395,"a","a",18160,NA,NA,0,NA,NA,"","Saxony","Sachsen","Dresden","DRS"
"950","ST",419,419,"a","a",290,11,2006,1,5,2013,"Feb,May,Aug,Nov","Saxony-Anhalt","Sachsen-Anhalt","Magdeburg","CSO"
"951","ST",927,927,"a","a",140,4,2008,0,NA,NA,"","Saxony-Anhalt","Sachsen-Anhalt","Magdeburg","CSO"
"952","ST",217,217,"d","c",4360,10,2005,0,NA,NA,"","Saxony-Anhalt","Sachsen-Anhalt","Magdeburg","CSO"
"953","ST",932,932,"a","a",14960,11,2013,1,37,2009,"Jan,Apr,Jul,Oct","Saxony-Anhalt","Sachsen-Anhalt","Magdeburg","CSO"
"954","ST",834,834,"a","a",26450,NA,NA,0,NA,NA,"","Saxony-Anhalt","Sachsen-Anhalt","Magdeburg","CSO"
"955","ST",287,287,"a","a",16760,9,2011,0,NA,NA,"","Saxony-Anhalt","Sachsen-Anhalt","Magdeburg","CSO"
"956","ST",335,335,"a","a",1250,2,2004,1,5,2013,"Feb,May,Aug,Nov","Saxony-Anhalt","Sachsen-Anhalt","Magdeburg","CSO"
"957","ST",12,12,"c","c",5830,9,2011,1,13,2010,"Jan,Apr,Jul,Oct","Saxony-Anhalt","Sachsen-Anhalt","Magdeburg","CSO"
"958","ST",203,203,"c","a",4230,12,2014,0,NA,NA,"","Saxony-Anhalt","Sachsen-Anhalt","Magdeburg","CSO"
"959","ST",307,307,"a","a",1800,11,2006,1,5,2013,"Feb,May,Aug,Nov","Saxony-Anhalt","Sachsen-Anhalt","Magdeburg","CSO"
"960","ST",955,955,"a","a",21790,4,2005,1,18,2015,"Feb,May,Aug,Nov","Saxony-Anhalt","Sachsen-Anhalt","Magdeburg","CSO"
"961","ST",916,916,"d","c",1100,12,2014,0,NA,NA,"","Saxony-Anhalt","Sachsen-Anhalt","Magdeburg","CSO"
"962","ST",587,587,"a","a",44320,8,2008,0,NA,NA,"","Saxony-Anhalt","Sachsen-Anhalt","Magdeburg","CSO"
"963","ST",322,322,"d","c",3290,12,2014,0,NA,NA,"","Saxony-Anhalt","Sachsen-Anhalt","Magdeburg","CSO"
"964","ST",199,199,"d","c",7170,8,2014,1,5,2013,"Feb,May,Aug,Nov","Saxony-Anhalt","Sachsen-Anhalt","Magdeburg","CSO"
"965","ST",242,242,"d","c",1680,10,2005,0,NA,NA,"","Saxony-Anhalt","Sachsen-Anhalt","Magdeburg","CSO"
"966","ST",229,229,"a","a",13140,NA,NA,1,14,2011,"Jan,Apr,Jul,Oct","Saxony-Anhalt","Sachsen-Anhalt","Magdeburg","CSO"
"967","ST",970,970,"c","a",420,3,2006,0,NA,NA,"","Saxony-Anhalt","Sachsen-Anhalt","Magdeburg","CSO"
"968","ST",657,657,"a","a",1590,3,2006,0,NA,NA,"","Saxony-Anhalt","Sachsen-Anhalt","Magdeburg","CSO"
"969","ST",308,308,"a","c",18370,2,2013,1,14,2011,"Jan,Apr,Jul,Oct","Saxony-Anhalt","Sachsen-Anhalt","Magdeburg","CSO"
"970","ST",297,297,"a","a",320,12,2005,1,9,2011,"Feb,May,Aug,Nov","Saxony-Anhalt","Sachsen-Anhalt","Magdeburg","CSO"
"971","ST",545,545,"a","a",1200,10,2014,1,6,2015,"Mar,Jun,Sept,Dec","Saxony-Anhalt","Sachsen-Anhalt","Magdeburg","CSO"
"972","ST",372,372,"a","a",2640,11,2002,0,NA,NA,"","Saxony-Anhalt","Sachsen-Anhalt","Magdeburg","CSO"
"973","ST",104,104,"c","c",4490,5,2014,1,5,2013,"Feb,May,Aug,Nov","Saxony-Anhalt","Sachsen-Anhalt","Magdeburg","CSO"
"974","ST",76,76,"a","c",2310,9,2011,1,13,2010,"Jan,Apr,Jul,Oct","Saxony-Anhalt","Sachsen-Anhalt","Magdeburg","CSO"
"975","ST",763,763,"a","c",13840,5,2010,1,1,2012,"Jan,Apr,Jul,Oct","Saxony-Anhalt","Sachsen-Anhalt","Magdeburg","CSO"
"976","ST",375,375,"d","c",270,2,2013,1,40,2012,"Jan,Apr,Jul,Oct","Saxony-Anhalt","Sachsen-Anhalt","Magdeburg","CSO"
"977","ST",922,922,"a","a",14960,NA,NA,0,NA,NA,"","Saxony-Anhalt","Sachsen-Anhalt","Magdeburg","CSO"
"978","ST",272,272,"a","c",23130,NA,NA,0,NA,NA,"","Saxony-Anhalt","Sachsen-Anhalt","Magdeburg","CSO"
"979","ST",752,752,"c","c",26130,11,2002,0,NA,NA,"","Saxony-Anhalt","Sachsen-Anhalt","Magdeburg","CSO"
"980","ST",14,14,"a","a",14570,11,2002,0,NA,NA,"","Saxony-Anhalt","Sachsen-Anhalt","Magdeburg","CSO"
"981","ST",350,350,"d","a",3910,11,2006,1,5,2013,"Feb,May,Aug,Nov","Saxony-Anhalt","Sachsen-Anhalt","Magdeburg","CSO"
"982","ST",92,92,"d","a",10180,5,2015,0,NA,NA,"","Saxony-Anhalt","Sachsen-Anhalt","Magdeburg","CSO"
"983","ST",830,830,"c","a",2550,10,2005,0,NA,NA,"","Saxony-Anhalt","Sachsen-Anhalt","Magdeburg","CSO"
"984","ST",867,867,"a","a",36410,4,2008,0,NA,NA,"","Saxony-Anhalt","Sachsen-Anhalt","Magdeburg","CSO"
"985","ST",948,948,"d","a",18670,12,2005,0,NA,NA,"","Saxony-Anhalt","Sachsen-Anhalt","Magdeburg","CSO"
"986","ST",363,363,"a","a",27530,4,2014,0,NA,NA,"","Saxony-Anhalt","Sachsen-Anhalt","Magdeburg","CSO"
"987","ST",437,437,"a","a",34050,4,2008,0,NA,NA,"","Saxony-Anhalt","Sachsen-Anhalt","Magdeburg","CSO"
"988","ST",735,735,"d","c",2620,11,2002,0,NA,NA,"","Saxony-Anhalt","Sachsen-Anhalt","Magdeburg","CSO"
"989","ST",714,714,"d","c",13080,9,2006,1,14,2011,"Jan,Apr,Jul,Oct","Saxony-Anhalt","Sachsen-Anhalt","Magdeburg","CSO"
"990","ST",863,863,"d","c",1920,4,2005,0,NA,NA,"","Saxony-Anhalt","Sachsen-Anhalt","Magdeburg","CSO"
"991","ST",598,598,"c","c",490,11,2002,0,NA,NA,"","Saxony-Anhalt","Sachsen-Anhalt","Magdeburg","CSO"
"992","ST",227,227,"a","a",18760,8,2015,1,14,2011,"Jan,Apr,Jul,Oct","Saxony-Anhalt","Sachsen-Anhalt","Magdeburg","CSO"
"993","ST",515,515,"a","a",1840,3,2006,0,NA,NA,"","Saxony-Anhalt","Sachsen-Anhalt","Magdeburg","CSO"
"994","ST",559,559,"a","a",3510,11,2006,1,5,2013,"Feb,May,Aug,Nov","Saxony-Anhalt","Sachsen-Anhalt","Magdeburg","CSO"
"995","ST",542,542,"a","a",10690,10,2005,0,NA,NA,"","Saxony-Anhalt","Sachsen-Anhalt","Magdeburg","CSO"
"996","ST",546,546,"c","c",1390,12,2004,0,NA,NA,"","Saxony-Anhalt","Sachsen-Anhalt","Magdeburg","CSO"
"997","ST",424,424,"a","c",15710,2,2013,1,37,2009,"Jan,Apr,Jul,Oct","Saxony-Anhalt","Sachsen-Anhalt","Magdeburg","CSO"
"998","ST",704,704,"c","c",3890,11,2006,1,5,2013,"Feb,May,Aug,Nov","Saxony-Anhalt","Sachsen-Anhalt","Magdeburg","CSO"
"999","ST",581,581,"d","c",12480,NA,NA,1,1,2013,"Jan,Apr,Jul,Oct","Saxony-Anhalt","Sachsen-Anhalt","Magdeburg","CSO"
"1000","ST",854,854,"d","c",29070,4,2005,0,NA,NA,"","Saxony-Anhalt","Sachsen-Anhalt","Magdeburg","CSO"
